,sex_1,sex_2,age_0,age_1,age_2,age_3,age_4,age_5,age_6,age_7,age_8,dorm_select_1,dorm_select_2,college_of_0,college_of_1,college_of_2,college_of_3,college_of_4,college_of_5,college_of_6,college_of_7,college_of_8,college_of_9,college_of_10,college_of_11,college_of_12,personality_1,personality_2,weekend_stay_1,weekend_stay_2,weekday_stay_1,weekday_stay_2,smoke_1,smoke_2,alchol_1,alchol_2,alchol_3,m_how_eat_1,m_how_eat_2,m_how_eat_3,how_eat_in_1,how_eat_in_2,wake_up_1,wake_up_2,wake_up_3,wake_up_4,m_sleep_1,m_sleep_2,m_sleep_3,sleep_sensitive_1,sleep_sensitive_2,sleep_habit_1,sleep_habit_2,sleep_habit_3,clean_period_1,clean_period_2,clean_period_3,shower_timezone_1,shower_timezone_2,w_age_range_0,w_age_range_1,w_age_range_2,w_age_range_3,w_age_range_4,w_diff_college_of_0,w_diff_college_of_1,w_diff_college_of_2,w_personality_0,w_personality_1,w_personality_2,w_weekend_stay_0,w_weekend_stay_1,w_weekend_stay_2,w_weekday_stay_0,w_weekday_stay_1,w_weekday_stay_2,w_smoke_0,w_smoke_1,w_smoke_2,w_alchol_0,w_alchol_1,w_alchol_2,w_alchol_3,w_how_eat_0,w_how_eat_1,w_how_eat_2,w_how_eat_3,w_how_eat_in_0,w_how_eat_in_1,w_how_eat_in_2,w_wake_up_0,w_wake_up_1,w_wake_up_2,w_wake_up_3,w_wake_up_4,w_sleep_0,w_sleep_1,w_sleep_2,w_sleep_3,w_sleep_sensitive_0,w_sleep_sensitive_1,w_sleep_sensitive_2,w_sleep_habit_0,w_sleep_habit_1,w_sleep_habit_2,w_clean_period_0,w_clean_period_1,w_clean_period_2,w_clean_period_3,w_shower_timezone_0,w_shower_timezone_1,w_shower_timezone_2
0,50.0,0.0,0.0,0.0,0.0,0.0,0.0,0.0,0.0,5.21,0.0,50.0,0.0,0.0,0.0,0.0,0.0,0.0,0.0,0.0,0.0,0.0,0.0,0.0,1.27,0.0,4.53,0.0,0.0,5.76,6.76,0.0,28.47,0.0,5.95,0.0,0.0,0.0,0.0,0.79,0.0,13.54,0.0,17.98,0.0,0.0,0.0,0.0,26.32,12.56,0.0,5.03,0.0,0.0,0.0,29.02,0.0,0.0,21.15,0.0,0.0,0.0,1.0,0.0,0.0,0.0,1.0,1.0,0.0,0.0,0.0,0.0,1.0,0.0,0.0,1.0,0.0,1.0,0.0,0.0,1.0,0.0,0.0,0.0,0.0,0.0,1.0,0.0,0.0,1.0,1.0,0.0,0.0,0.0,0.0,0.0,0.0,0.0,1.0,0.0,1.0,0.0,0.0,1.0,0.0,0.0,1.0,0.0,0.0,0.0,1.0,0.0
1,50.0,0.0,0.0,5.21,0.0,0.0,0.0,0.0,0.0,0.0,0.0,50.0,0.0,0.0,0.0,0.0,0.0,1.27,0.0,0.0,0.0,0.0,0.0,0.0,0.0,0.0,4.53,0.0,5.76,0.0,6.76,0.0,0.0,28.47,0.0,0.0,5.95,0.79,0.0,0.0,0.0,13.54,17.98,0.0,0.0,0.0,26.32,0.0,0.0,0.0,12.56,0.0,5.03,0.0,0.0,0.0,29.02,21.15,0.0,1.0,0.0,0.0,0.0,0.0,0.0,0.0,1.0,0.0,1.0,0.0,0.0,1.0,0.0,0.0,0.0,1.0,0.0,0.0,1.0,1.0,0.0,0.0,0.0,0.0,0.0,0.0,1.0,0.0,1.0,0.0,0.0,0.0,1.0,0.0,0.0,1.0,0.0,0.0,0.0,0.0,0.0,1.0,0.0,0.0,1.0,0.0,0.0,1.0,0.0,1.0,0.0,0.0
2,50.0,0.0,5.21,0.0,0.0,0.0,0.0,0.0,0.0,0.0,0.0,50.0,0.0,0.0,1.27,0.0,0.0,0.0,0.0,0.0,0.0,0.0,0.0,0.0,0.0,0.0,0.0,4.53,0.0,5.76,6.76,0.0,28.47,0.0,5.95,0.0,0.0,0.0,0.79,0.0,13.54,0.0,17.98,0.0,0.0,0.0,0.0,26.32,0.0,12.56,0.0,0.0,0.0,5.03,29.02,0.0,0.0,21.15,0.0,0.0,1.0,0.0,0.0,0.0,1.0,0.0,0.0,1.0,0.0,0.0,1.0,0.0,0.0,1.0,0.0,0.0,1.0,0.0,0.0,1.0,0.0,0.0,0.0,0.0,0.0,1.0,0.0,0.0,1.0,0.0,1.0,0.0,0.0,0.0,0.0,1.0,0.0,0.0,0.0,0.0,1.0,0.0,1.0,0.0,0.0,0.0,1.0,0.0,0.0,1.0,0.0,0.0
3,50.0,0.0,0.0,0.0,0.0,0.0,0.0,5.21,0.0,0.0,0.0,0.0,50.0,0.0,0.0,0.0,1.27,0.0,0.0,0.0,0.0,0.0,0.0,0.0,0.0,0.0,0.0,4.53,5.76,0.0,6.76,0.0,28.47,0.0,5.95,0.0,0.0,0.79,0.0,0.0,0.0,13.54,0.0,0.0,17.98,0.0,0.0,0.0,26.32,0.0,12.56,0.0,5.03,0.0,0.0,29.02,0.0,0.0,21.15,0.0,0.0,0.0,1.0,0.0,0.0,1.0,0.0,0.0,0.0,1.0,0.0,0.0,1.0,0.0,0.0,1.0,0.0,1.0,0.0,0.0,1.0,0.0,0.0,0.0,0.0,1.0,0.0,0.0,0.0,1.0,1.0,0.0,0.0,0.0,0.0,1.0,0.0,0.0,0.0,0.0,1.0,0.0,0.0,1.0,0.0,0.0,0.0,1.0,0.0,0.0,1.0,0.0
4,0.0,50.0,0.0,5.21,0.0,0.0,0.0,0.0,0.0,0.0,0.0,50.0,0.0,0.0,0.0,1.27,0.0,0.0,0.0,0.0,0.0,0.0,0.0,0.0,0.0,0.0,0.0,4.53,0.0,5.76,6.76,0.0,28.47,0.0,0.0,5.95,0.0,0.0,0.79,0.0,0.0,13.54,0.0,17.98,0.0,0.0,0.0,26.32,0.0,0.0,12.56,5.03,0.0,0.0,29.02,0.0,0.0,21.15,0.0,0.0,0.0,1.0,0.0,0.0,1.0,0.0,0.0,0.0,1.0,0.0,0.0,0.0,1.0,0.0,0.0,1.0,0.0,1.0,0.0,1.0,0.0,0.0,0.0,0.0,0.0,1.0,0.0,1.0,0.0,0.0,0.0,0.0,1.0,0.0,0.0,0.0,0.0,1.0,0.0,0.0,1.0,0.0,0.0,1.0,0.0,1.0,0.0,0.0,0.0,1.0,0.0,0.0
5,50.0,0.0,0.0,0.0,0.0,0.0,5.21,0.0,0.0,0.0,0.0,0.0,50.0,0.0,0.0,1.27,0.0,0.0,0.0,0.0,0.0,0.0,0.0,0.0,0.0,0.0,0.0,4.53,0.0,5.76,0.0,6.76,28.47,0.0,5.95,0.0,0.0,0.0,0.79,0.0,0.0,13.54,0.0,17.98,0.0,0.0,0.0,26.32,0.0,12.56,0.0,0.0,0.0,5.03,0.0,29.02,0.0,21.15,0.0,0.0,0.0,1.0,0.0,0.0,1.0,0.0,0.0,1.0,0.0,0.0,0.0,0.0,1.0,0.0,0.0,1.0,1.0,0.0,0.0,0.0,0.0,1.0,0.0,1.0,0.0,0.0,0.0,1.0,0.0,0.0,0.0,0.0,0.0,1.0,0.0,0.0,0.0,1.0,0.0,0.0,1.0,0.0,0.0,1.0,0.0,0.0,0.0,1.0,0.0,1.0,0.0,0.0
6,50.0,0.0,0.0,0.0,0.0,0.0,0.0,0.0,5.21,0.0,0.0,50.0,0.0,0.0,0.0,1.27,0.0,0.0,0.0,0.0,0.0,0.0,0.0,0.0,0.0,0.0,0.0,4.53,0.0,5.76,6.76,0.0,28.47,0.0,0.0,5.95,0.0,0.0,0.0,0.79,0.0,13.54,0.0,17.98,0.0,0.0,0.0,26.32,0.0,0.0,12.56,5.03,0.0,0.0,29.02,0.0,0.0,21.15,0.0,1.0,0.0,0.0,0.0,0.0,1.0,0.0,0.0,1.0,0.0,0.0,0.0,1.0,0.0,0.0,1.0,0.0,0.0,1.0,0.0,1.0,0.0,0.0,0.0,0.0,0.0,0.0,1.0,0.0,0.0,1.0,0.0,0.0,1.0,0.0,0.0,0.0,0.0,1.0,0.0,0.0,1.0,0.0,0.0,1.0,0.0,0.0,1.0,0.0,0.0,1.0,0.0,0.0
7,50.0,0.0,0.0,0.0,0.0,0.0,0.0,5.21,0.0,0.0,0.0,0.0,50.0,0.0,0.0,1.27,0.0,0.0,0.0,0.0,0.0,0.0,0.0,0.0,0.0,0.0,0.0,4.53,5.76,0.0,6.76,0.0,28.47,0.0,0.0,5.95,0.0,0.0,0.0,0.79,13.54,0.0,0.0,17.98,0.0,0.0,0.0,26.32,0.0,12.56,0.0,5.03,0.0,0.0,29.02,0.0,0.0,0.0,21.15,1.0,0.0,0.0,0.0,0.0,1.0,0.0,0.0,0.0,0.0,1.0,0.0,0.0,1.0,0.0,0.0,1.0,0.0,1.0,0.0,1.0,0.0,0.0,0.0,1.0,0.0,0.0,0.0,1.0,0.0,0.0,1.0,0.0,0.0,0.0,0.0,1.0,0.0,0.0,0.0,0.0,1.0,0.0,0.0,1.0,0.0,1.0,0.0,0.0,0.0,1.0,0.0,0.0
8,50.0,0.0,0.0,0.0,0.0,0.0,0.0,5.21,0.0,0.0,0.0,0.0,50.0,0.0,0.0,1.27,0.0,0.0,0.0,0.0,0.0,0.0,0.0,0.0,0.0,0.0,0.0,4.53,0.0,5.76,0.0,6.76,28.47,0.0,5.95,0.0,0.0,0.79,0.0,0.0,0.0,13.54,0.0,17.98,0.0,0.0,0.0,26.32,0.0,12.56,0.0,5.03,0.0,0.0,29.02,0.0,0.0,21.15,0.0,0.0,0.0,1.0,0.0,0.0,0.0,0.0,1.0,0.0,0.0,1.0,0.0,1.0,0.0,0.0,1.0,0.0,0.0,1.0,0.0,0.0,1.0,0.0,0.0,0.0,0.0,1.0,0.0,0.0,0.0,1.0,0.0,0.0,1.0,0.0,0.0,0.0,0.0,1.0,0.0,0.0,1.0,0.0,0.0,1.0,0.0,0.0,0.0,1.0,0.0,0.0,1.0,0.0
9,50.0,0.0,5.21,0.0,0.0,0.0,0.0,0.0,0.0,0.0,0.0,0.0,50.0,0.0,0.0,0.0,0.0,0.0,0.0,0.0,0.0,0.0,0.0,0.0,0.0,1.27,0.0,4.53,5.76,0.0,6.76,0.0,28.47,0.0,0.0,5.95,0.0,0.0,0.0,0.79,0.0,13.54,0.0,0.0,17.98,0.0,0.0,0.0,26.32,12.56,0.0,5.03,0.0,0.0,0.0,29.02,0.0,21.15,0.0,0.0,1.0,0.0,0.0,0.0,0.0,0.0,1.0,0.0,1.0,0.0,0.0,0.0,1.0,0.0,0.0,1.0,0.0,1.0,0.0,0.0,0.0,1.0,0.0,0.0,0.0,1.0,0.0,0.0,0.0,1.0,1.0,0.0,0.0,0.0,0.0,0.0,0.0,0.0,1.0,0.0,1.0,0.0,0.0,1.0,0.0,0.0,0.0,1.0,0.0,0.0,1.0,0.0
10,0.0,50.0,5.21,0.0,0.0,0.0,0.0,0.0,0.0,0.0,0.0,50.0,0.0,0.0,0.0,1.27,0.0,0.0,0.0,0.0,0.0,0.0,0.0,0.0,0.0,0.0,0.0,4.53,5.76,0.0,6.76,0.0,28.47,0.0,5.95,0.0,0.0,0.0,0.0,0.79,0.0,13.54,0.0,17.98,0.0,0.0,0.0,0.0,26.32,12.56,0.0,5.03,0.0,0.0,0.0,0.0,29.02,21.15,0.0,0.0,1.0,0.0,0.0,0.0,1.0,0.0,0.0,0.0,1.0,0.0,0.0,0.0,1.0,0.0,0.0,1.0,0.0,1.0,0.0,1.0,0.0,0.0,0.0,1.0,0.0,0.0,0.0,0.0,0.0,1.0,1.0,0.0,0.0,0.0,0.0,1.0,0.0,0.0,0.0,0.0,1.0,0.0,1.0,0.0,0.0,1.0,0.0,0.0,0.0,1.0,0.0,0.0
11,50.0,0.0,0.0,0.0,0.0,0.0,0.0,0.0,5.21,0.0,0.0,50.0,0.0,0.0,0.0,1.27,0.0,0.0,0.0,0.0,0.0,0.0,0.0,0.0,0.0,0.0,0.0,4.53,5.76,0.0,6.76,0.0,28.47,0.0,0.0,5.95,0.0,0.79,0.0,0.0,0.0,13.54,0.0,17.98,0.0,0.0,0.0,0.0,26.32,12.56,0.0,5.03,0.0,0.0,29.02,0.0,0.0,21.15,0.0,1.0,0.0,0.0,0.0,0.0,1.0,0.0,0.0,1.0,0.0,0.0,1.0,0.0,0.0,1.0,0.0,0.0,0.0,1.0,0.0,0.0,0.0,1.0,0.0,1.0,0.0,0.0,0.0,1.0,0.0,0.0,1.0,0.0,0.0,0.0,0.0,0.0,0.0,1.0,0.0,0.0,1.0,0.0,1.0,0.0,0.0,0.0,0.0,1.0,0.0,0.0,0.0,1.0
12,50.0,0.0,0.0,0.0,0.0,0.0,0.0,0.0,0.0,5.21,0.0,0.0,50.0,0.0,0.0,0.0,0.0,0.0,0.0,0.0,0.0,0.0,0.0,1.27,0.0,0.0,0.0,4.53,5.76,0.0,6.76,0.0,28.47,0.0,5.95,0.0,0.0,0.79,0.0,0.0,13.54,0.0,0.0,17.98,0.0,0.0,0.0,26.32,0.0,12.56,0.0,0.0,0.0,5.03,0.0,29.02,0.0,0.0,21.15,0.0,0.0,0.0,0.0,1.0,0.0,1.0,0.0,1.0,0.0,0.0,0.0,0.0,1.0,0.0,0.0,1.0,0.0,1.0,0.0,0.0,1.0,0.0,0.0,0.0,0.0,1.0,0.0,0.0,1.0,0.0,0.0,0.0,0.0,0.0,1.0,0.0,0.0,0.0,1.0,0.0,1.0,0.0,0.0,1.0,0.0,0.0,0.0,1.0,0.0,0.0,1.0,0.0
13,50.0,0.0,0.0,0.0,0.0,0.0,0.0,5.21,0.0,0.0,0.0,0.0,50.0,0.0,0.0,0.0,0.0,0.0,0.0,0.0,0.0,0.0,0.0,0.0,0.0,1.27,0.0,4.53,5.76,0.0,0.0,6.76,28.47,0.0,0.0,5.95,0.0,0.0,0.79,0.0,13.54,0.0,0.0,17.98,0.0,0.0,0.0,26.32,0.0,12.56,0.0,5.03,0.0,0.0,0.0,29.02,0.0,21.15,0.0,0.0,0.0,0.0,1.0,0.0,0.0,0.0,1.0,0.0,0.0,1.0,0.0,0.0,1.0,0.0,0.0,1.0,0.0,1.0,0.0,0.0,1.0,0.0,0.0,0.0,0.0,1.0,0.0,0.0,1.0,0.0,0.0,0.0,0.0,0.0,1.0,0.0,0.0,1.0,0.0,0.0,1.0,0.0,0.0,1.0,0.0,0.0,0.0,1.0,0.0,0.0,0.0,1.0
14,50.0,0.0,0.0,0.0,0.0,0.0,0.0,0.0,5.21,0.0,0.0,0.0,50.0,0.0,0.0,1.27,0.0,0.0,0.0,0.0,0.0,0.0,0.0,0.0,0.0,0.0,0.0,4.53,0.0,5.76,0.0,6.76,28.47,0.0,5.95,0.0,0.0,0.0,0.79,0.0,0.0,13.54,17.98,0.0,0.0,0.0,0.0,26.32,0.0,0.0,12.56,0.0,0.0,5.03,0.0,29.02,0.0,21.15,0.0,1.0,0.0,0.0,0.0,0.0,0.0,1.0,0.0,1.0,0.0,0.0,1.0,0.0,0.0,1.0,0.0,0.0,0.0,1.0,0.0,0.0,1.0,0.0,0.0,1.0,0.0,0.0,0.0,1.0,0.0,0.0,1.0,0.0,0.0,0.0,0.0,1.0,0.0,0.0,0.0,0.0,1.0,0.0,0.0,1.0,0.0,0.0,0.0,0.0,1.0,0.0,0.0,1.0
15,50.0,0.0,0.0,0.0,0.0,0.0,0.0,5.21,0.0,0.0,0.0,50.0,0.0,0.0,0.0,1.27,0.0,0.0,0.0,0.0,0.0,0.0,0.0,0.0,0.0,0.0,0.0,4.53,5.76,0.0,6.76,0.0,28.47,0.0,5.95,0.0,0.0,0.0,0.79,0.0,0.0,13.54,0.0,0.0,17.98,0.0,0.0,0.0,26.32,12.56,0.0,0.0,0.0,5.03,0.0,29.02,0.0,0.0,21.15,1.0,0.0,0.0,0.0,0.0,0.0,1.0,0.0,0.0,0.0,1.0,0.0,0.0,1.0,0.0,0.0,1.0,0.0,1.0,0.0,0.0,1.0,0.0,0.0,1.0,0.0,0.0,0.0,0.0,0.0,1.0,0.0,0.0,0.0,1.0,0.0,0.0,0.0,1.0,0.0,0.0,1.0,0.0,0.0,1.0,0.0,0.0,0.0,1.0,0.0,0.0,0.0,1.0
16,0.0,50.0,5.21,0.0,0.0,0.0,0.0,0.0,0.0,0.0,0.0,50.0,0.0,0.0,0.0,1.27,0.0,0.0,0.0,0.0,0.0,0.0,0.0,0.0,0.0,0.0,0.0,4.53,0.0,5.76,6.76,0.0,28.47,0.0,0.0,5.95,0.0,0.0,0.0,0.79,0.0,13.54,0.0,0.0,17.98,0.0,0.0,0.0,26.32,0.0,12.56,5.03,0.0,0.0,0.0,29.02,0.0,21.15,0.0,0.0,1.0,0.0,0.0,0.0,0.0,0.0,1.0,0.0,0.0,1.0,1.0,0.0,0.0,1.0,0.0,0.0,0.0,1.0,0.0,0.0,0.0,1.0,0.0,0.0,0.0,0.0,1.0,1.0,0.0,0.0,0.0,0.0,0.0,1.0,0.0,0.0,0.0,0.0,1.0,0.0,1.0,0.0,0.0,1.0,0.0,0.0,0.0,1.0,0.0,1.0,0.0,0.0
17,50.0,0.0,0.0,0.0,0.0,0.0,0.0,5.21,0.0,0.0,0.0,50.0,0.0,0.0,0.0,1.27,0.0,0.0,0.0,0.0,0.0,0.0,0.0,0.0,0.0,0.0,4.53,0.0,5.76,0.0,6.76,0.0,28.47,0.0,5.95,0.0,0.0,0.0,0.79,0.0,0.0,13.54,0.0,17.98,0.0,0.0,0.0,0.0,26.32,12.56,0.0,0.0,5.03,0.0,0.0,29.02,0.0,21.15,0.0,1.0,0.0,0.0,0.0,0.0,1.0,0.0,0.0,1.0,0.0,0.0,1.0,0.0,0.0,1.0,0.0,0.0,1.0,0.0,0.0,1.0,0.0,0.0,0.0,1.0,0.0,0.0,0.0,1.0,0.0,0.0,0.0,0.0,1.0,0.0,0.0,1.0,0.0,0.0,0.0,0.0,1.0,0.0,1.0,0.0,0.0,0.0,0.0,1.0,0.0,0.0,1.0,0.0
18,50.0,0.0,0.0,0.0,0.0,0.0,0.0,5.21,0.0,0.0,0.0,50.0,0.0,0.0,0.0,1.27,0.0,0.0,0.0,0.0,0.0,0.0,0.0,0.0,0.0,0.0,4.53,0.0,0.0,5.76,0.0,6.76,0.0,28.47,0.0,5.95,0.0,0.0,0.79,0.0,13.54,0.0,0.0,17.98,0.0,0.0,0.0,26.32,0.0,12.56,0.0,0.0,0.0,5.03,0.0,29.02,0.0,0.0,21.15,1.0,0.0,0.0,0.0,0.0,1.0,0.0,0.0,0.0,1.0,0.0,0.0,0.0,1.0,0.0,0.0,1.0,0.0,0.0,1.0,0.0,0.0,1.0,0.0,1.0,0.0,0.0,0.0,1.0,0.0,0.0,1.0,0.0,0.0,0.0,0.0,0.0,0.0,1.0,0.0,0.0,1.0,0.0,0.0,1.0,0.0,1.0,0.0,0.0,0.0,0.0,0.0,1.0
19,50.0,0.0,0.0,0.0,0.0,0.0,0.0,5.21,0.0,0.0,0.0,50.0,0.0,0.0,0.0,0.0,1.27,0.0,0.0,0.0,0.0,0.0,0.0,0.0,0.0,0.0,4.53,0.0,5.76,0.0,0.0,6.76,0.0,28.47,0.0,5.95,0.0,0.0,0.79,0.0,0.0,13.54,17.98,0.0,0.0,0.0,0.0,26.32,0.0,12.56,0.0,0.0,5.03,0.0,29.02,0.0,0.0,21.15,0.0,0.0,0.0,0.0,1.0,0.0,0.0,0.0,1.0,0.0,1.0,0.0,0.0,0.0,1.0,0.0,0.0,1.0,0.0,1.0,0.0,0.0,0.0,1.0,0.0,0.0,0.0,0.0,1.0,0.0,0.0,1.0,0.0,1.0,0.0,0.0,0.0,0.0,0.0,1.0,0.0,0.0,1.0,0.0,1.0,0.0,0.0,0.0,1.0,0.0,0.0,1.0,0.0,0.0
20,50.0,0.0,0.0,0.0,0.0,0.0,0.0,0.0,0.0,5.21,0.0,50.0,0.0,0.0,0.0,1.27,0.0,0.0,0.0,0.0,0.0,0.0,0.0,0.0,0.0,0.0,0.0,4.53,0.0,5.76,0.0,6.76,28.47,0.0,5.95,0.0,0.0,0.0,0.79,0.0,0.0,13.54,0.0,17.98,0.0,0.0,0.0,26.32,0.0,12.56,0.0,0.0,5.03,0.0,29.02,0.0,0.0,21.15,0.0,1.0,0.0,0.0,0.0,0.0,1.0,0.0,0.0,1.0,0.0,0.0,1.0,0.0,0.0,1.0,0.0,0.0,0.0,1.0,0.0,1.0,0.0,0.0,0.0,1.0,0.0,0.0,0.0,1.0,0.0,0.0,1.0,0.0,0.0,0.0,0.0,0.0,0.0,1.0,0.0,1.0,0.0,0.0,0.0,1.0,0.0,0.0,0.0,1.0,0.0,0.0,1.0,0.0
21,0.0,50.0,0.0,0.0,0.0,0.0,0.0,5.21,0.0,0.0,0.0,50.0,0.0,0.0,0.0,0.0,1.27,0.0,0.0,0.0,0.0,0.0,0.0,0.0,0.0,0.0,4.53,0.0,0.0,5.76,6.76,0.0,28.47,0.0,5.95,0.0,0.0,0.0,0.0,0.79,0.0,13.54,0.0,17.98,0.0,0.0,0.0,26.32,0.0,12.56,0.0,0.0,0.0,5.03,0.0,29.02,0.0,0.0,21.15,1.0,0.0,0.0,0.0,0.0,1.0,0.0,0.0,0.0,0.0,1.0,1.0,0.0,0.0,1.0,0.0,0.0,0.0,1.0,0.0,0.0,0.0,1.0,0.0,1.0,0.0,0.0,0.0,1.0,0.0,0.0,1.0,0.0,0.0,0.0,0.0,1.0,0.0,0.0,0.0,0.0,1.0,0.0,0.0,1.0,0.0,0.0,0.0,1.0,0.0,1.0,0.0,0.0
22,50.0,0.0,0.0,0.0,0.0,0.0,0.0,5.21,0.0,0.0,0.0,0.0,50.0,0.0,0.0,0.0,1.27,0.0,0.0,0.0,0.0,0.0,0.0,0.0,0.0,0.0,0.0,4.53,0.0,5.76,0.0,6.76,0.0,28.47,0.0,5.95,0.0,0.0,0.79,0.0,0.0,13.54,17.98,0.0,0.0,0.0,26.32,0.0,0.0,12.56,0.0,0.0,5.03,0.0,0.0,29.02,0.0,21.15,0.0,0.0,0.0,0.0,1.0,0.0,0.0,0.0,1.0,0.0,1.0,0.0,0.0,0.0,1.0,0.0,0.0,1.0,0.0,0.0,1.0,0.0,0.0,1.0,0.0,0.0,0.0,1.0,0.0,0.0,0.0,1.0,0.0,1.0,0.0,0.0,0.0,0.0,1.0,0.0,0.0,0.0,1.0,0.0,1.0,0.0,0.0,0.0,0.0,1.0,0.0,1.0,0.0,0.0
23,50.0,0.0,5.21,0.0,0.0,0.0,0.0,0.0,0.0,0.0,0.0,50.0,0.0,0.0,0.0,0.0,0.0,0.0,0.0,0.0,0.0,1.27,0.0,0.0,0.0,0.0,0.0,4.53,5.76,0.0,6.76,0.0,28.47,0.0,5.95,0.0,0.0,0.0,0.79,0.0,0.0,13.54,0.0,0.0,17.98,0.0,0.0,0.0,26.32,12.56,0.0,5.03,0.0,0.0,0.0,29.02,0.0,0.0,21.15,0.0,1.0,0.0,0.0,0.0,0.0,0.0,1.0,0.0,1.0,0.0,0.0,1.0,0.0,0.0,1.0,0.0,0.0,1.0,0.0,0.0,1.0,0.0,0.0,1.0,0.0,0.0,0.0,0.0,0.0,1.0,0.0,0.0,0.0,1.0,0.0,0.0,0.0,0.0,1.0,1.0,0.0,0.0,0.0,1.0,0.0,0.0,0.0,1.0,0.0,1.0,0.0,0.0
24,0.0,50.0,0.0,0.0,0.0,0.0,0.0,5.21,0.0,0.0,0.0,50.0,0.0,0.0,0.0,1.27,0.0,0.0,0.0,0.0,0.0,0.0,0.0,0.0,0.0,0.0,4.53,0.0,0.0,5.76,6.76,0.0,28.47,0.0,5.95,0.0,0.0,0.79,0.0,0.0,13.54,0.0,17.98,0.0,0.0,0.0,0.0,26.32,0.0,12.56,0.0,0.0,5.03,0.0,29.02,0.0,0.0,0.0,21.15,0.0,0.0,0.0,1.0,0.0,1.0,0.0,0.0,1.0,0.0,0.0,0.0,0.0,1.0,0.0,0.0,1.0,0.0,1.0,0.0,0.0,1.0,0.0,0.0,1.0,0.0,0.0,0.0,1.0,0.0,0.0,1.0,0.0,0.0,0.0,0.0,0.0,0.0,1.0,0.0,0.0,1.0,0.0,1.0,0.0,0.0,1.0,0.0,0.0,0.0,1.0,0.0,0.0
25,50.0,0.0,0.0,0.0,0.0,0.0,0.0,5.21,0.0,0.0,0.0,50.0,0.0,0.0,0.0,0.0,0.0,1.27,0.0,0.0,0.0,0.0,0.0,0.0,0.0,0.0,0.0,4.53,5.76,0.0,6.76,0.0,28.47,0.0,5.95,0.0,0.0,0.0,0.0,0.79,13.54,0.0,17.98,0.0,0.0,0.0,0.0,26.32,0.0,12.56,0.0,0.0,0.0,5.03,0.0,29.02,0.0,21.15,0.0,0.0,0.0,0.0,1.0,0.0,1.0,0.0,0.0,0.0,0.0,1.0,0.0,0.0,1.0,1.0,0.0,0.0,0.0,1.0,0.0,1.0,0.0,0.0,0.0,1.0,0.0,0.0,0.0,1.0,0.0,0.0,0.0,1.0,0.0,0.0,0.0,0.0,0.0,1.0,0.0,0.0,1.0,0.0,0.0,0.0,1.0,0.0,0.0,1.0,0.0,1.0,0.0,0.0
26,0.0,50.0,0.0,0.0,0.0,0.0,0.0,5.21,0.0,0.0,0.0,50.0,0.0,0.0,0.0,0.0,0.0,0.0,0.0,0.0,0.0,0.0,0.0,1.27,0.0,0.0,0.0,4.53,0.0,5.76,0.0,6.76,28.47,0.0,5.95,0.0,0.0,0.0,0.79,0.0,13.54,0.0,0.0,17.98,0.0,0.0,26.32,0.0,0.0,12.56,0.0,0.0,0.0,5.03,29.02,0.0,0.0,0.0,21.15,0.0,0.0,0.0,0.0,1.0,0.0,1.0,0.0,0.0,0.0,1.0,0.0,0.0,1.0,0.0,0.0,1.0,0.0,1.0,0.0,0.0,1.0,0.0,0.0,0.0,0.0,1.0,0.0,0.0,1.0,0.0,0.0,0.0,1.0,0.0,0.0,0.0,0.0,1.0,0.0,0.0,1.0,0.0,0.0,1.0,0.0,0.0,1.0,0.0,0.0,0.0,0.0,1.0
27,50.0,0.0,0.0,0.0,0.0,0.0,0.0,0.0,5.21,0.0,0.0,50.0,0.0,0.0,0.0,0.0,0.0,0.0,0.0,0.0,0.0,0.0,0.0,0.0,1.27,0.0,0.0,4.53,5.76,0.0,6.76,0.0,28.47,0.0,5.95,0.0,0.0,0.0,0.79,0.0,0.0,13.54,0.0,17.98,0.0,0.0,0.0,26.32,0.0,12.56,0.0,0.0,0.0,5.03,0.0,29.02,0.0,21.15,0.0,1.0,0.0,0.0,0.0,0.0,1.0,0.0,0.0,1.0,0.0,0.0,1.0,0.0,0.0,1.0,0.0,0.0,0.0,1.0,0.0,0.0,1.0,0.0,0.0,1.0,0.0,0.0,0.0,0.0,0.0,1.0,0.0,0.0,1.0,0.0,0.0,0.0,0.0,1.0,0.0,0.0,1.0,0.0,1.0,0.0,0.0,1.0,0.0,0.0,0.0,0.0,1.0,0.0
28,50.0,0.0,0.0,0.0,0.0,0.0,0.0,0.0,0.0,5.21,0.0,0.0,50.0,0.0,0.0,0.0,0.0,0.0,0.0,0.0,0.0,0.0,0.0,0.0,0.0,1.27,4.53,0.0,0.0,5.76,0.0,6.76,0.0,28.47,0.0,5.95,0.0,0.79,0.0,0.0,0.0,13.54,17.98,0.0,0.0,0.0,26.32,0.0,0.0,12.56,0.0,5.03,0.0,0.0,29.02,0.0,0.0,0.0,21.15,1.0,0.0,0.0,0.0,0.0,1.0,0.0,0.0,0.0,1.0,0.0,1.0,0.0,0.0,1.0,0.0,0.0,0.0,0.0,1.0,0.0,0.0,1.0,0.0,1.0,0.0,0.0,0.0,0.0,0.0,1.0,1.0,0.0,0.0,0.0,0.0,1.0,0.0,0.0,0.0,1.0,0.0,0.0,1.0,0.0,0.0,0.0,0.0,1.0,0.0,0.0,1.0,0.0
29,50.0,0.0,0.0,0.0,0.0,0.0,0.0,5.21,0.0,0.0,0.0,0.0,50.0,0.0,0.0,0.0,0.0,0.0,0.0,0.0,0.0,0.0,0.0,0.0,0.0,1.27,0.0,4.53,0.0,5.76,0.0,6.76,28.47,0.0,5.95,0.0,0.0,0.0,0.79,0.0,0.0,13.54,0.0,17.98,0.0,0.0,0.0,26.32,0.0,12.56,0.0,0.0,0.0,5.03,0.0,29.02,0.0,21.15,0.0,1.0,0.0,0.0,0.0,0.0,1.0,0.0,0.0,1.0,0.0,0.0,1.0,0.0,0.0,1.0,0.0,0.0,0.0,1.0,0.0,0.0,1.0,0.0,0.0,0.0,0.0,1.0,0.0,0.0,0.0,1.0,0.0,0.0,1.0,0.0,0.0,0.0,0.0,1.0,0.0,0.0,1.0,0.0,0.0,1.0,0.0,0.0,0.0,1.0,0.0,1.0,0.0,0.0
30,0.0,50.0,0.0,0.0,0.0,0.0,0.0,5.21,0.0,0.0,0.0,0.0,50.0,0.0,0.0,0.0,0.0,0.0,0.0,0.0,0.0,0.0,1.27,0.0,0.0,0.0,0.0,4.53,5.76,0.0,6.76,0.0,28.47,0.0,0.0,5.95,0.0,0.79,0.0,0.0,0.0,13.54,17.98,0.0,0.0,0.0,0.0,26.32,0.0,12.56,0.0,0.0,0.0,5.03,29.02,0.0,0.0,0.0,21.15,1.0,0.0,0.0,0.0,0.0,0.0,1.0,0.0,0.0,0.0,1.0,1.0,0.0,0.0,1.0,0.0,0.0,0.0,1.0,0.0,1.0,0.0,0.0,0.0,1.0,0.0,0.0,0.0,1.0,0.0,0.0,0.0,1.0,0.0,0.0,0.0,0.0,0.0,1.0,0.0,0.0,1.0,0.0,0.0,1.0,0.0,0.0,1.0,0.0,0.0,1.0,0.0,0.0
31,0.0,50.0,0.0,0.0,0.0,0.0,0.0,5.21,0.0,0.0,0.0,50.0,0.0,0.0,0.0,0.0,0.0,0.0,0.0,0.0,0.0,0.0,0.0,1.27,0.0,0.0,0.0,4.53,5.76,0.0,0.0,6.76,28.47,0.0,5.95,0.0,0.0,0.79,0.0,0.0,13.54,0.0,0.0,17.98,0.0,0.0,0.0,26.32,0.0,12.56,0.0,0.0,0.0,5.03,0.0,29.02,0.0,0.0,21.15,0.0,0.0,0.0,1.0,0.0,1.0,0.0,0.0,1.0,0.0,0.0,0.0,0.0,1.0,1.0,0.0,0.0,0.0,1.0,0.0,1.0,0.0,0.0,0.0,1.0,0.0,0.0,0.0,1.0,0.0,0.0,1.0,0.0,0.0,0.0,0.0,1.0,0.0,0.0,0.0,0.0,1.0,0.0,1.0,0.0,0.0,0.0,0.0,1.0,0.0,1.0,0.0,0.0
32,0.0,50.0,0.0,0.0,0.0,0.0,0.0,0.0,0.0,5.21,0.0,0.0,50.0,0.0,0.0,0.0,0.0,1.27,0.0,0.0,0.0,0.0,0.0,0.0,0.0,0.0,4.53,0.0,0.0,5.76,0.0,6.76,28.47,0.0,0.0,5.95,0.0,0.0,0.79,0.0,0.0,13.54,0.0,0.0,17.98,0.0,0.0,26.32,0.0,12.56,0.0,0.0,0.0,5.03,0.0,29.02,0.0,0.0,21.15,1.0,0.0,0.0,0.0,0.0,1.0,0.0,0.0,1.0,0.0,0.0,0.0,0.0,1.0,0.0,0.0,1.0,0.0,1.0,0.0,0.0,1.0,0.0,0.0,1.0,0.0,0.0,0.0,0.0,0.0,1.0,0.0,0.0,0.0,1.0,0.0,0.0,0.0,1.0,0.0,1.0,0.0,0.0,1.0,0.0,0.0,0.0,0.0,1.0,0.0,1.0,0.0,0.0
33,0.0,50.0,0.0,0.0,0.0,5.21,0.0,0.0,0.0,0.0,0.0,0.0,50.0,0.0,0.0,0.0,0.0,0.0,0.0,0.0,0.0,0.0,0.0,1.27,0.0,0.0,4.53,0.0,5.76,0.0,6.76,0.0,28.47,0.0,5.95,0.0,0.0,0.79,0.0,0.0,0.0,13.54,0.0,0.0,17.98,0.0,0.0,0.0,26.32,0.0,12.56,0.0,0.0,5.03,29.02,0.0,0.0,21.15,0.0,0.0,0.0,1.0,0.0,0.0,1.0,0.0,0.0,1.0,0.0,0.0,1.0,0.0,0.0,1.0,0.0,0.0,0.0,1.0,0.0,0.0,1.0,0.0,0.0,1.0,0.0,0.0,0.0,0.0,0.0,1.0,0.0,0.0,0.0,1.0,0.0,0.0,0.0,1.0,0.0,0.0,1.0,0.0,0.0,1.0,0.0,0.0,1.0,0.0,0.0,1.0,0.0,0.0
34,0.0,50.0,0.0,0.0,0.0,0.0,0.0,5.21,0.0,0.0,0.0,0.0,50.0,0.0,0.0,0.0,0.0,1.27,0.0,0.0,0.0,0.0,0.0,0.0,0.0,0.0,0.0,4.53,5.76,0.0,0.0,6.76,28.47,0.0,5.95,0.0,0.0,0.0,0.79,0.0,13.54,0.0,0.0,17.98,0.0,0.0,0.0,26.32,0.0,0.0,12.56,5.03,0.0,0.0,0.0,29.02,0.0,21.15,0.0,0.0,0.0,0.0,1.0,0.0,1.0,0.0,0.0,0.0,0.0,1.0,0.0,0.0,1.0,1.0,0.0,0.0,0.0,1.0,0.0,1.0,0.0,0.0,0.0,0.0,0.0,1.0,0.0,0.0,0.0,1.0,0.0,0.0,1.0,0.0,0.0,0.0,0.0,1.0,0.0,1.0,0.0,0.0,0.0,1.0,0.0,0.0,0.0,1.0,0.0,1.0,0.0,0.0
35,50.0,0.0,0.0,0.0,0.0,0.0,0.0,0.0,0.0,5.21,0.0,0.0,50.0,0.0,0.0,0.0,1.27,0.0,0.0,0.0,0.0,0.0,0.0,0.0,0.0,0.0,0.0,4.53,0.0,5.76,0.0,6.76,28.47,0.0,5.95,0.0,0.0,0.0,0.79,0.0,0.0,13.54,17.98,0.0,0.0,0.0,0.0,26.32,0.0,0.0,12.56,5.03,0.0,0.0,0.0,29.02,0.0,21.15,0.0,1.0,0.0,0.0,0.0,0.0,1.0,0.0,0.0,1.0,0.0,0.0,0.0,0.0,1.0,0.0,0.0,1.0,1.0,0.0,0.0,1.0,0.0,0.0,0.0,0.0,0.0,0.0,1.0,0.0,0.0,1.0,0.0,1.0,0.0,0.0,0.0,0.0,0.0,0.0,1.0,1.0,0.0,0.0,0.0,1.0,0.0,0.0,0.0,0.0,1.0,0.0,0.0,1.0
36,0.0,50.0,0.0,0.0,0.0,5.21,0.0,0.0,0.0,0.0,0.0,0.0,50.0,0.0,0.0,0.0,0.0,0.0,0.0,0.0,0.0,0.0,0.0,1.27,0.0,0.0,0.0,4.53,0.0,5.76,6.76,0.0,28.47,0.0,5.95,0.0,0.0,0.79,0.0,0.0,0.0,13.54,0.0,17.98,0.0,0.0,26.32,0.0,0.0,12.56,0.0,0.0,0.0,5.03,29.02,0.0,0.0,21.15,0.0,1.0,0.0,0.0,0.0,0.0,0.0,0.0,1.0,0.0,0.0,1.0,1.0,0.0,0.0,1.0,0.0,0.0,0.0,1.0,0.0,0.0,0.0,1.0,0.0,1.0,0.0,0.0,0.0,0.0,0.0,1.0,1.0,0.0,0.0,0.0,0.0,1.0,0.0,0.0,0.0,0.0,1.0,0.0,1.0,0.0,0.0,1.0,0.0,0.0,0.0,1.0,0.0,0.0
37,50.0,0.0,0.0,0.0,0.0,0.0,0.0,5.21,0.0,0.0,0.0,50.0,0.0,0.0,0.0,0.0,0.0,0.0,0.0,0.0,0.0,0.0,0.0,0.0,1.27,0.0,0.0,4.53,5.76,0.0,0.0,6.76,0.0,28.47,5.95,0.0,0.0,0.0,0.79,0.0,0.0,13.54,0.0,0.0,17.98,0.0,0.0,26.32,0.0,0.0,12.56,0.0,0.0,5.03,29.02,0.0,0.0,0.0,21.15,1.0,0.0,0.0,0.0,0.0,1.0,0.0,0.0,1.0,0.0,0.0,1.0,0.0,0.0,1.0,0.0,0.0,1.0,0.0,0.0,0.0,1.0,0.0,0.0,1.0,0.0,0.0,0.0,0.0,0.0,1.0,0.0,0.0,0.0,1.0,0.0,0.0,0.0,1.0,0.0,1.0,0.0,0.0,0.0,1.0,0.0,0.0,1.0,0.0,0.0,1.0,0.0,0.0
38,0.0,50.0,0.0,0.0,0.0,0.0,5.21,0.0,0.0,0.0,0.0,50.0,0.0,0.0,0.0,0.0,0.0,1.27,0.0,0.0,0.0,0.0,0.0,0.0,0.0,0.0,4.53,0.0,5.76,0.0,0.0,6.76,0.0,28.47,0.0,5.95,0.0,0.0,0.79,0.0,0.0,13.54,0.0,17.98,0.0,0.0,0.0,0.0,26.32,12.56,0.0,0.0,0.0,5.03,0.0,0.0,29.02,0.0,21.15,1.0,0.0,0.0,0.0,0.0,1.0,0.0,0.0,0.0,1.0,0.0,1.0,0.0,0.0,1.0,0.0,0.0,1.0,0.0,0.0,1.0,0.0,0.0,0.0,1.0,0.0,0.0,0.0,0.0,0.0,1.0,1.0,0.0,0.0,0.0,0.0,1.0,0.0,0.0,0.0,0.0,1.0,0.0,1.0,0.0,0.0,1.0,0.0,0.0,0.0,1.0,0.0,0.0
39,50.0,0.0,0.0,0.0,0.0,0.0,0.0,0.0,5.21,0.0,0.0,50.0,0.0,0.0,0.0,1.27,0.0,0.0,0.0,0.0,0.0,0.0,0.0,0.0,0.0,0.0,0.0,4.53,5.76,0.0,6.76,0.0,28.47,0.0,5.95,0.0,0.0,0.0,0.0,0.79,0.0,13.54,17.98,0.0,0.0,0.0,0.0,26.32,0.0,12.56,0.0,0.0,0.0,5.03,0.0,29.02,0.0,0.0,21.15,0.0,0.0,0.0,0.0,1.0,0.0,0.0,1.0,1.0,0.0,0.0,1.0,0.0,0.0,1.0,0.0,0.0,1.0,0.0,0.0,1.0,0.0,0.0,0.0,1.0,0.0,0.0,0.0,0.0,0.0,1.0,0.0,0.0,1.0,0.0,0.0,1.0,0.0,0.0,0.0,0.0,1.0,0.0,1.0,0.0,0.0,0.0,0.0,1.0,0.0,1.0,0.0,0.0
40,0.0,50.0,0.0,0.0,0.0,0.0,5.21,0.0,0.0,0.0,0.0,50.0,0.0,0.0,0.0,0.0,0.0,1.27,0.0,0.0,0.0,0.0,0.0,0.0,0.0,0.0,4.53,0.0,5.76,0.0,6.76,0.0,28.47,0.0,5.95,0.0,0.0,0.79,0.0,0.0,0.0,13.54,0.0,0.0,17.98,0.0,0.0,26.32,0.0,0.0,12.56,5.03,0.0,0.0,0.0,29.02,0.0,0.0,21.15,0.0,0.0,0.0,1.0,0.0,1.0,0.0,0.0,1.0,0.0,0.0,1.0,0.0,0.0,0.0,1.0,0.0,0.0,1.0,0.0,0.0,1.0,0.0,0.0,1.0,0.0,0.0,0.0,0.0,0.0,1.0,0.0,0.0,0.0,1.0,0.0,0.0,0.0,1.0,0.0,0.0,1.0,0.0,0.0,1.0,0.0,0.0,0.0,1.0,0.0,1.0,0.0,0.0
41,50.0,0.0,0.0,0.0,0.0,0.0,0.0,5.21,0.0,0.0,0.0,50.0,0.0,0.0,0.0,1.27,0.0,0.0,0.0,0.0,0.0,0.0,0.0,0.0,0.0,0.0,0.0,4.53,0.0,5.76,0.0,6.76,28.47,0.0,0.0,5.95,0.0,0.0,0.79,0.0,13.54,0.0,0.0,0.0,17.98,0.0,0.0,0.0,26.32,0.0,12.56,0.0,5.03,0.0,0.0,0.0,29.02,0.0,21.15,1.0,0.0,0.0,0.0,0.0,1.0,0.0,0.0,1.0,0.0,0.0,1.0,0.0,0.0,0.0,0.0,1.0,0.0,1.0,0.0,1.0,0.0,0.0,0.0,1.0,0.0,0.0,0.0,1.0,0.0,0.0,0.0,0.0,0.0,1.0,0.0,0.0,0.0,0.0,1.0,0.0,1.0,0.0,0.0,1.0,0.0,0.0,0.0,0.0,1.0,0.0,0.0,1.0
42,0.0,50.0,0.0,0.0,0.0,0.0,0.0,0.0,0.0,0.0,5.21,0.0,50.0,0.0,0.0,0.0,0.0,0.0,0.0,0.0,0.0,0.0,0.0,0.0,0.0,1.27,0.0,4.53,0.0,5.76,6.76,0.0,28.47,0.0,5.95,0.0,0.0,0.0,0.79,0.0,0.0,13.54,17.98,0.0,0.0,0.0,0.0,26.32,0.0,12.56,0.0,5.03,0.0,0.0,29.02,0.0,0.0,21.15,0.0,1.0,0.0,0.0,0.0,0.0,1.0,0.0,0.0,1.0,0.0,0.0,0.0,0.0,1.0,0.0,0.0,1.0,0.0,1.0,0.0,0.0,0.0,1.0,0.0,1.0,0.0,0.0,0.0,0.0,0.0,1.0,1.0,0.0,0.0,0.0,0.0,0.0,0.0,1.0,0.0,0.0,1.0,0.0,0.0,1.0,0.0,0.0,1.0,0.0,0.0,1.0,0.0,0.0
43,50.0,0.0,0.0,0.0,0.0,0.0,0.0,0.0,0.0,5.21,0.0,0.0,50.0,0.0,0.0,1.27,0.0,0.0,0.0,0.0,0.0,0.0,0.0,0.0,0.0,0.0,0.0,4.53,5.76,0.0,6.76,0.0,28.47,0.0,0.0,5.95,0.0,0.0,0.79,0.0,13.54,0.0,0.0,0.0,17.98,0.0,0.0,26.32,0.0,12.56,0.0,0.0,5.03,0.0,0.0,29.02,0.0,21.15,0.0,1.0,0.0,0.0,0.0,0.0,1.0,0.0,0.0,0.0,0.0,1.0,0.0,0.0,1.0,0.0,0.0,1.0,0.0,1.0,0.0,1.0,0.0,0.0,0.0,0.0,0.0,1.0,0.0,0.0,1.0,0.0,1.0,0.0,0.0,0.0,0.0,1.0,0.0,0.0,0.0,0.0,1.0,0.0,1.0,0.0,0.0,0.0,0.0,1.0,0.0,1.0,0.0,0.0
44,0.0,50.0,0.0,0.0,0.0,0.0,0.0,5.21,0.0,0.0,0.0,50.0,0.0,0.0,0.0,0.0,1.27,0.0,0.0,0.0,0.0,0.0,0.0,0.0,0.0,0.0,0.0,4.53,0.0,5.76,0.0,6.76,28.47,0.0,5.95,0.0,0.0,0.0,0.0,0.79,0.0,13.54,0.0,17.98,0.0,0.0,0.0,26.32,0.0,0.0,12.56,5.03,0.0,0.0,0.0,0.0,29.02,0.0,21.15,0.0,0.0,0.0,0.0,1.0,1.0,0.0,0.0,1.0,0.0,0.0,0.0,0.0,1.0,0.0,0.0,1.0,0.0,1.0,0.0,0.0,0.0,1.0,0.0,1.0,0.0,0.0,0.0,1.0,0.0,0.0,0.0,0.0,1.0,0.0,0.0,0.0,0.0,1.0,0.0,1.0,0.0,0.0,0.0,1.0,0.0,0.0,0.0,0.0,1.0,0.0,0.0,1.0
45,50.0,0.0,0.0,0.0,0.0,0.0,0.0,0.0,0.0,5.21,0.0,0.0,50.0,0.0,0.0,1.27,0.0,0.0,0.0,0.0,0.0,0.0,0.0,0.0,0.0,0.0,0.0,4.53,0.0,5.76,0.0,6.76,28.47,0.0,5.95,0.0,0.0,0.0,0.79,0.0,0.0,13.54,0.0,17.98,0.0,0.0,0.0,26.32,0.0,12.56,0.0,5.03,0.0,0.0,29.02,0.0,0.0,0.0,21.15,1.0,0.0,0.0,0.0,0.0,0.0,0.0,1.0,1.0,0.0,0.0,1.0,0.0,0.0,1.0,0.0,0.0,0.0,1.0,0.0,0.0,1.0,0.0,0.0,1.0,0.0,0.0,0.0,0.0,0.0,1.0,0.0,0.0,1.0,0.0,0.0,0.0,0.0,1.0,0.0,0.0,1.0,0.0,0.0,1.0,0.0,0.0,1.0,0.0,0.0,1.0,0.0,0.0
46,0.0,50.0,0.0,0.0,0.0,5.21,0.0,0.0,0.0,0.0,0.0,50.0,0.0,0.0,0.0,0.0,0.0,1.27,0.0,0.0,0.0,0.0,0.0,0.0,0.0,0.0,0.0,4.53,0.0,5.76,0.0,6.76,28.47,0.0,5.95,0.0,0.0,0.0,0.79,0.0,0.0,13.54,17.98,0.0,0.0,0.0,26.32,0.0,0.0,0.0,12.56,0.0,0.0,5.03,0.0,29.02,0.0,0.0,21.15,0.0,0.0,0.0,1.0,0.0,1.0,0.0,0.0,1.0,0.0,0.0,1.0,0.0,0.0,1.0,0.0,0.0,0.0,1.0,0.0,0.0,1.0,0.0,0.0,1.0,0.0,0.0,0.0,0.0,0.0,1.0,1.0,0.0,0.0,0.0,0.0,0.0,1.0,0.0,0.0,0.0,1.0,0.0,0.0,1.0,0.0,0.0,0.0,1.0,0.0,1.0,0.0,0.0
47,0.0,50.0,5.21,0.0,0.0,0.0,0.0,0.0,0.0,0.0,0.0,0.0,50.0,0.0,0.0,0.0,0.0,0.0,0.0,0.0,0.0,1.27,0.0,0.0,0.0,0.0,4.53,0.0,5.76,0.0,6.76,0.0,28.47,0.0,5.95,0.0,0.0,0.0,0.79,0.0,0.0,13.54,17.98,0.0,0.0,0.0,0.0,26.32,0.0,12.56,0.0,0.0,5.03,0.0,0.0,29.02,0.0,21.15,0.0,0.0,1.0,0.0,0.0,0.0,0.0,1.0,0.0,0.0,1.0,0.0,0.0,0.0,1.0,0.0,0.0,1.0,0.0,1.0,0.0,0.0,1.0,0.0,0.0,0.0,0.0,1.0,0.0,0.0,0.0,1.0,0.0,1.0,0.0,0.0,0.0,0.0,1.0,0.0,0.0,0.0,1.0,0.0,0.0,1.0,0.0,0.0,0.0,1.0,0.0,0.0,0.0,1.0
48,50.0,0.0,0.0,0.0,0.0,0.0,0.0,5.21,0.0,0.0,0.0,0.0,50.0,0.0,0.0,0.0,0.0,0.0,0.0,0.0,1.27,0.0,0.0,0.0,0.0,0.0,0.0,4.53,5.76,0.0,6.76,0.0,28.47,0.0,5.95,0.0,0.0,0.0,0.79,0.0,0.0,13.54,0.0,17.98,0.0,0.0,0.0,26.32,0.0,12.56,0.0,5.03,0.0,0.0,0.0,29.02,0.0,0.0,21.15,1.0,0.0,0.0,0.0,0.0,1.0,0.0,0.0,0.0,1.0,0.0,1.0,0.0,0.0,1.0,0.0,0.0,0.0,1.0,0.0,0.0,1.0,0.0,0.0,1.0,0.0,0.0,0.0,0.0,0.0,1.0,0.0,0.0,1.0,0.0,0.0,0.0,0.0,1.0,0.0,0.0,1.0,0.0,1.0,0.0,0.0,0.0,0.0,1.0,0.0,1.0,0.0,0.0
49,0.0,50.0,0.0,0.0,0.0,0.0,0.0,0.0,0.0,5.21,0.0,0.0,50.0,0.0,0.0,0.0,0.0,1.27,0.0,0.0,0.0,0.0,0.0,0.0,0.0,0.0,4.53,0.0,0.0,5.76,6.76,0.0,28.47,0.0,5.95,0.0,0.0,0.79,0.0,0.0,0.0,13.54,0.0,0.0,17.98,0.0,0.0,26.32,0.0,0.0,12.56,5.03,0.0,0.0,0.0,29.02,0.0,0.0,21.15,0.0,0.0,0.0,0.0,1.0,1.0,0.0,0.0,1.0,0.0,0.0,1.0,0.0,0.0,0.0,0.0,1.0,0.0,1.0,0.0,0.0,1.0,0.0,0.0,1.0,0.0,0.0,0.0,1.0,0.0,0.0,0.0,0.0,1.0,0.0,0.0,0.0,0.0,1.0,0.0,0.0,1.0,0.0,0.0,1.0,0.0,0.0,0.0,1.0,0.0,0.0,1.0,0.0
50,50.0,0.0,0.0,0.0,0.0,0.0,5.21,0.0,0.0,0.0,0.0,0.0,50.0,0.0,0.0,0.0,0.0,0.0,0.0,0.0,1.27,0.0,0.0,0.0,0.0,0.0,0.0,4.53,0.0,5.76,0.0,6.76,28.47,0.0,5.95,0.0,0.0,0.0,0.79,0.0,0.0,13.54,17.98,0.0,0.0,0.0,0.0,26.32,0.0,0.0,12.56,5.03,0.0,0.0,29.02,0.0,0.0,0.0,21.15,0.0,0.0,1.0,0.0,0.0,0.0,0.0,1.0,1.0,0.0,0.0,0.0,1.0,0.0,0.0,1.0,0.0,0.0,1.0,0.0,0.0,1.0,0.0,0.0,1.0,0.0,0.0,0.0,0.0,0.0,1.0,0.0,0.0,1.0,0.0,0.0,1.0,0.0,0.0,0.0,0.0,1.0,0.0,0.0,1.0,0.0,0.0,0.0,1.0,0.0,1.0,0.0,0.0
51,50.0,0.0,0.0,0.0,0.0,0.0,0.0,5.21,0.0,0.0,0.0,0.0,50.0,0.0,0.0,0.0,0.0,0.0,0.0,0.0,0.0,0.0,0.0,0.0,1.27,0.0,0.0,4.53,0.0,5.76,0.0,6.76,28.47,0.0,5.95,0.0,0.0,0.0,0.79,0.0,0.0,13.54,0.0,17.98,0.0,0.0,0.0,26.32,0.0,0.0,12.56,5.03,0.0,0.0,0.0,29.02,0.0,21.15,0.0,0.0,0.0,0.0,1.0,0.0,0.0,1.0,0.0,0.0,0.0,1.0,0.0,0.0,1.0,0.0,0.0,1.0,0.0,1.0,0.0,0.0,1.0,0.0,0.0,1.0,0.0,0.0,0.0,1.0,0.0,0.0,0.0,0.0,1.0,0.0,0.0,0.0,0.0,1.0,0.0,0.0,0.0,1.0,0.0,1.0,0.0,1.0,0.0,0.0,0.0,1.0,0.0,0.0
52,0.0,50.0,0.0,0.0,0.0,0.0,0.0,5.21,0.0,0.0,0.0,50.0,0.0,0.0,0.0,0.0,1.27,0.0,0.0,0.0,0.0,0.0,0.0,0.0,0.0,0.0,4.53,0.0,0.0,5.76,0.0,6.76,28.47,0.0,5.95,0.0,0.0,0.0,0.79,0.0,0.0,13.54,0.0,17.98,0.0,0.0,0.0,26.32,0.0,0.0,12.56,0.0,0.0,5.03,0.0,29.02,0.0,0.0,21.15,0.0,0.0,0.0,1.0,0.0,1.0,0.0,0.0,0.0,1.0,0.0,1.0,0.0,0.0,1.0,0.0,0.0,0.0,1.0,0.0,1.0,0.0,0.0,0.0,1.0,0.0,0.0,0.0,0.0,0.0,1.0,0.0,0.0,1.0,0.0,0.0,0.0,0.0,1.0,0.0,0.0,1.0,0.0,0.0,1.0,0.0,0.0,0.0,1.0,0.0,0.0,1.0,0.0
53,0.0,50.0,0.0,5.21,0.0,0.0,0.0,0.0,0.0,0.0,0.0,0.0,50.0,0.0,0.0,1.27,0.0,0.0,0.0,0.0,0.0,0.0,0.0,0.0,0.0,0.0,4.53,0.0,0.0,5.76,0.0,6.76,0.0,28.47,0.0,5.95,0.0,0.0,0.79,0.0,13.54,0.0,0.0,17.98,0.0,0.0,0.0,0.0,26.32,12.56,0.0,5.03,0.0,0.0,0.0,29.02,0.0,0.0,21.15,0.0,1.0,0.0,0.0,0.0,0.0,1.0,0.0,0.0,1.0,0.0,0.0,1.0,0.0,0.0,0.0,1.0,1.0,0.0,0.0,0.0,1.0,0.0,0.0,0.0,0.0,1.0,0.0,0.0,1.0,0.0,0.0,0.0,0.0,1.0,0.0,0.0,1.0,0.0,0.0,0.0,1.0,0.0,0.0,1.0,0.0,0.0,0.0,0.0,1.0,0.0,1.0,0.0
54,0.0,50.0,0.0,0.0,0.0,0.0,0.0,0.0,0.0,5.21,0.0,0.0,50.0,0.0,0.0,0.0,0.0,0.0,0.0,0.0,0.0,0.0,0.0,1.27,0.0,0.0,0.0,4.53,0.0,5.76,0.0,6.76,28.47,0.0,0.0,5.95,0.0,0.0,0.79,0.0,13.54,0.0,17.98,0.0,0.0,0.0,0.0,26.32,0.0,12.56,0.0,5.03,0.0,0.0,29.02,0.0,0.0,21.15,0.0,0.0,0.0,0.0,0.0,1.0,1.0,0.0,0.0,1.0,0.0,0.0,0.0,0.0,1.0,0.0,0.0,1.0,0.0,1.0,0.0,1.0,0.0,0.0,0.0,1.0,0.0,0.0,0.0,1.0,0.0,0.0,0.0,1.0,0.0,0.0,0.0,0.0,0.0,1.0,0.0,0.0,1.0,0.0,0.0,1.0,0.0,1.0,0.0,0.0,0.0,0.0,0.0,1.0
55,0.0,50.0,0.0,0.0,0.0,0.0,0.0,0.0,0.0,5.21,0.0,50.0,0.0,0.0,0.0,0.0,0.0,1.27,0.0,0.0,0.0,0.0,0.0,0.0,0.0,0.0,0.0,4.53,5.76,0.0,6.76,0.0,28.47,0.0,5.95,0.0,0.0,0.0,0.79,0.0,13.54,0.0,0.0,0.0,17.98,0.0,0.0,0.0,26.32,12.56,0.0,5.03,0.0,0.0,29.02,0.0,0.0,0.0,21.15,0.0,0.0,0.0,1.0,0.0,0.0,0.0,1.0,1.0,0.0,0.0,0.0,0.0,1.0,0.0,0.0,1.0,0.0,1.0,0.0,0.0,1.0,0.0,0.0,1.0,0.0,0.0,0.0,1.0,0.0,0.0,1.0,0.0,0.0,0.0,0.0,1.0,0.0,0.0,0.0,0.0,1.0,0.0,0.0,1.0,0.0,0.0,0.0,1.0,0.0,0.0,1.0,0.0
56,50.0,0.0,0.0,0.0,0.0,0.0,0.0,0.0,0.0,5.21,0.0,50.0,0.0,0.0,0.0,1.27,0.0,0.0,0.0,0.0,0.0,0.0,0.0,0.0,0.0,0.0,0.0,4.53,5.76,0.0,6.76,0.0,28.47,0.0,5.95,0.0,0.0,0.79,0.0,0.0,13.54,0.0,0.0,0.0,17.98,0.0,0.0,0.0,26.32,12.56,0.0,0.0,5.03,0.0,29.02,0.0,0.0,21.15,0.0,0.0,0.0,0.0,0.0,1.0,1.0,0.0,0.0,0.0,1.0,0.0,1.0,0.0,0.0,1.0,0.0,0.0,0.0,1.0,0.0,1.0,0.0,0.0,0.0,1.0,0.0,0.0,0.0,1.0,0.0,0.0,1.0,0.0,0.0,0.0,0.0,1.0,0.0,0.0,0.0,0.0,1.0,0.0,0.0,1.0,0.0,1.0,0.0,0.0,0.0,1.0,0.0,0.0
57,0.0,50.0,0.0,0.0,0.0,0.0,5.21,0.0,0.0,0.0,0.0,0.0,50.0,0.0,0.0,0.0,0.0,0.0,0.0,0.0,0.0,0.0,0.0,0.0,1.27,0.0,0.0,4.53,5.76,0.0,6.76,0.0,28.47,0.0,5.95,0.0,0.0,0.0,0.79,0.0,0.0,13.54,0.0,17.98,0.0,0.0,0.0,26.32,0.0,0.0,12.56,0.0,0.0,5.03,0.0,0.0,29.02,21.15,0.0,0.0,0.0,0.0,1.0,0.0,1.0,0.0,0.0,1.0,0.0,0.0,0.0,0.0,1.0,0.0,0.0,1.0,0.0,1.0,0.0,0.0,1.0,0.0,0.0,1.0,0.0,0.0,0.0,0.0,0.0,1.0,0.0,0.0,1.0,0.0,0.0,0.0,1.0,0.0,0.0,0.0,1.0,0.0,0.0,1.0,0.0,0.0,0.0,0.0,1.0,0.0,0.0,1.0
58,0.0,50.0,0.0,0.0,0.0,0.0,0.0,5.21,0.0,0.0,0.0,0.0,50.0,0.0,0.0,0.0,0.0,0.0,0.0,0.0,0.0,0.0,1.27,0.0,0.0,0.0,4.53,0.0,0.0,5.76,0.0,6.76,28.47,0.0,5.95,0.0,0.0,0.0,0.79,0.0,0.0,13.54,0.0,0.0,17.98,0.0,0.0,0.0,26.32,0.0,12.56,0.0,5.03,0.0,0.0,0.0,29.02,0.0,21.15,0.0,0.0,0.0,1.0,0.0,1.0,0.0,0.0,1.0,0.0,0.0,0.0,0.0,1.0,0.0,1.0,0.0,0.0,1.0,0.0,0.0,1.0,0.0,0.0,1.0,0.0,0.0,0.0,1.0,0.0,0.0,0.0,0.0,0.0,1.0,0.0,0.0,0.0,0.0,1.0,0.0,1.0,0.0,0.0,1.0,0.0,0.0,0.0,0.0,1.0,1.0,0.0,0.0
59,50.0,0.0,0.0,5.21,0.0,0.0,0.0,0.0,0.0,0.0,0.0,50.0,0.0,0.0,0.0,1.27,0.0,0.0,0.0,0.0,0.0,0.0,0.0,0.0,0.0,0.0,0.0,4.53,5.76,0.0,6.76,0.0,28.47,0.0,5.95,0.0,0.0,0.0,0.0,0.79,0.0,13.54,0.0,17.98,0.0,0.0,0.0,26.32,0.0,12.56,0.0,5.03,0.0,0.0,0.0,29.02,0.0,0.0,21.15,0.0,1.0,0.0,0.0,0.0,1.0,0.0,0.0,0.0,1.0,0.0,0.0,0.0,1.0,0.0,0.0,1.0,0.0,1.0,0.0,0.0,1.0,0.0,0.0,0.0,0.0,1.0,0.0,0.0,0.0,1.0,0.0,0.0,1.0,0.0,0.0,0.0,0.0,1.0,0.0,0.0,1.0,0.0,0.0,1.0,0.0,0.0,0.0,0.0,1.0,0.0,0.0,1.0
60,50.0,0.0,0.0,0.0,0.0,0.0,0.0,0.0,5.21,0.0,0.0,50.0,0.0,0.0,0.0,0.0,0.0,0.0,0.0,0.0,0.0,0.0,0.0,0.0,1.27,0.0,0.0,4.53,0.0,5.76,0.0,6.76,28.47,0.0,0.0,5.95,0.0,0.0,0.79,0.0,0.0,13.54,0.0,0.0,17.98,0.0,0.0,26.32,0.0,12.56,0.0,0.0,5.03,0.0,0.0,29.02,0.0,21.15,0.0,0.0,0.0,0.0,1.0,0.0,1.0,0.0,0.0,1.0,0.0,0.0,1.0,0.0,0.0,1.0,0.0,0.0,1.0,0.0,0.0,1.0,0.0,0.0,0.0,1.0,0.0,0.0,0.0,1.0,0.0,0.0,1.0,0.0,0.0,0.0,0.0,0.0,0.0,1.0,0.0,0.0,1.0,0.0,1.0,0.0,0.0,1.0,0.0,0.0,0.0,1.0,0.0,0.0
61,0.0,50.0,0.0,0.0,0.0,5.21,0.0,0.0,0.0,0.0,0.0,0.0,50.0,0.0,0.0,0.0,0.0,0.0,0.0,0.0,0.0,0.0,0.0,0.0,1.27,0.0,4.53,0.0,0.0,5.76,0.0,6.76,28.47,0.0,0.0,0.0,5.95,0.0,0.79,0.0,13.54,0.0,0.0,0.0,17.98,0.0,0.0,0.0,26.32,12.56,0.0,0.0,0.0,5.03,0.0,29.02,0.0,0.0,21.15,0.0,0.0,1.0,0.0,0.0,1.0,0.0,0.0,1.0,0.0,0.0,1.0,0.0,0.0,1.0,0.0,0.0,0.0,1.0,0.0,1.0,0.0,0.0,0.0,1.0,0.0,0.0,0.0,1.0,0.0,0.0,1.0,0.0,0.0,0.0,0.0,1.0,0.0,0.0,0.0,0.0,1.0,0.0,0.0,1.0,0.0,0.0,0.0,1.0,0.0,1.0,0.0,0.0
62,50.0,0.0,0.0,0.0,0.0,0.0,0.0,5.21,0.0,0.0,0.0,50.0,0.0,0.0,0.0,0.0,0.0,0.0,0.0,0.0,0.0,0.0,0.0,0.0,1.27,0.0,0.0,4.53,0.0,5.76,0.0,6.76,28.47,0.0,5.95,0.0,0.0,0.0,0.79,0.0,0.0,13.54,0.0,0.0,17.98,0.0,0.0,0.0,26.32,0.0,12.56,5.03,0.0,0.0,29.02,0.0,0.0,21.15,0.0,0.0,0.0,0.0,1.0,0.0,1.0,0.0,0.0,1.0,0.0,0.0,0.0,0.0,1.0,0.0,0.0,1.0,0.0,1.0,0.0,1.0,0.0,0.0,0.0,0.0,0.0,1.0,0.0,0.0,0.0,1.0,0.0,0.0,0.0,1.0,0.0,0.0,0.0,1.0,0.0,0.0,1.0,0.0,0.0,1.0,0.0,0.0,0.0,1.0,0.0,0.0,0.0,1.0
63,50.0,0.0,0.0,0.0,0.0,0.0,0.0,5.21,0.0,0.0,0.0,0.0,50.0,0.0,0.0,1.27,0.0,0.0,0.0,0.0,0.0,0.0,0.0,0.0,0.0,0.0,0.0,4.53,0.0,5.76,6.76,0.0,28.47,0.0,5.95,0.0,0.0,0.0,0.79,0.0,0.0,13.54,0.0,17.98,0.0,0.0,0.0,26.32,0.0,0.0,12.56,0.0,5.03,0.0,0.0,29.02,0.0,21.15,0.0,0.0,0.0,0.0,1.0,0.0,1.0,0.0,0.0,1.0,0.0,0.0,0.0,0.0,1.0,0.0,1.0,0.0,0.0,1.0,0.0,0.0,0.0,1.0,0.0,1.0,0.0,0.0,0.0,1.0,0.0,0.0,1.0,0.0,0.0,0.0,0.0,0.0,0.0,1.0,0.0,0.0,1.0,0.0,0.0,1.0,0.0,0.0,0.0,1.0,0.0,1.0,0.0,0.0
64,50.0,0.0,0.0,0.0,0.0,0.0,5.21,0.0,0.0,0.0,0.0,50.0,0.0,0.0,0.0,0.0,0.0,0.0,0.0,0.0,0.0,0.0,0.0,0.0,1.27,0.0,4.53,0.0,5.76,0.0,6.76,0.0,28.47,0.0,5.95,0.0,0.0,0.79,0.0,0.0,0.0,13.54,0.0,17.98,0.0,0.0,0.0,26.32,0.0,0.0,12.56,0.0,5.03,0.0,0.0,29.02,0.0,21.15,0.0,0.0,0.0,0.0,1.0,0.0,0.0,1.0,0.0,0.0,1.0,0.0,0.0,0.0,1.0,0.0,0.0,1.0,0.0,1.0,0.0,0.0,1.0,0.0,0.0,0.0,1.0,0.0,0.0,0.0,0.0,1.0,1.0,0.0,0.0,0.0,0.0,0.0,0.0,1.0,0.0,0.0,1.0,0.0,0.0,1.0,0.0,0.0,0.0,1.0,0.0,1.0,0.0,0.0
65,50.0,0.0,0.0,0.0,0.0,0.0,0.0,0.0,5.21,0.0,0.0,50.0,0.0,0.0,0.0,1.27,0.0,0.0,0.0,0.0,0.0,0.0,0.0,0.0,0.0,0.0,0.0,4.53,5.76,0.0,6.76,0.0,28.47,0.0,0.0,5.95,0.0,0.0,0.79,0.0,13.54,0.0,0.0,17.98,0.0,0.0,0.0,26.32,0.0,12.56,0.0,0.0,0.0,5.03,0.0,29.02,0.0,21.15,0.0,1.0,0.0,0.0,0.0,0.0,1.0,0.0,0.0,0.0,0.0,1.0,0.0,0.0,1.0,0.0,0.0,1.0,0.0,1.0,0.0,0.0,0.0,1.0,0.0,1.0,0.0,0.0,0.0,0.0,1.0,0.0,0.0,0.0,1.0,0.0,0.0,0.0,0.0,1.0,0.0,0.0,1.0,0.0,0.0,1.0,0.0,0.0,0.0,1.0,0.0,0.0,1.0,0.0
66,50.0,0.0,0.0,0.0,0.0,0.0,5.21,0.0,0.0,0.0,0.0,50.0,0.0,0.0,0.0,1.27,0.0,0.0,0.0,0.0,0.0,0.0,0.0,0.0,0.0,0.0,4.53,0.0,0.0,5.76,0.0,6.76,28.47,0.0,5.95,0.0,0.0,0.0,0.79,0.0,13.54,0.0,17.98,0.0,0.0,0.0,26.32,0.0,0.0,0.0,12.56,0.0,0.0,5.03,29.02,0.0,0.0,21.15,0.0,1.0,0.0,0.0,0.0,0.0,1.0,0.0,0.0,1.0,0.0,0.0,0.0,0.0,1.0,0.0,0.0,1.0,0.0,1.0,0.0,1.0,0.0,0.0,0.0,1.0,0.0,0.0,0.0,0.0,1.0,0.0,1.0,0.0,0.0,0.0,0.0,0.0,1.0,0.0,0.0,1.0,0.0,0.0,0.0,1.0,0.0,1.0,0.0,0.0,0.0,1.0,0.0,0.0
67,0.0,50.0,0.0,5.21,0.0,0.0,0.0,0.0,0.0,0.0,0.0,0.0,50.0,0.0,0.0,0.0,0.0,0.0,0.0,0.0,0.0,0.0,0.0,0.0,1.27,0.0,4.53,0.0,0.0,5.76,0.0,6.76,28.47,0.0,5.95,0.0,0.0,0.0,0.79,0.0,0.0,13.54,0.0,0.0,17.98,0.0,0.0,0.0,26.32,12.56,0.0,0.0,5.03,0.0,29.02,0.0,0.0,0.0,21.15,0.0,1.0,0.0,0.0,0.0,1.0,0.0,0.0,0.0,1.0,0.0,0.0,0.0,1.0,0.0,0.0,1.0,0.0,1.0,0.0,0.0,0.0,1.0,0.0,0.0,0.0,1.0,0.0,0.0,0.0,1.0,1.0,0.0,0.0,0.0,0.0,0.0,0.0,1.0,0.0,0.0,1.0,0.0,1.0,0.0,0.0,0.0,1.0,0.0,0.0,1.0,0.0,0.0
68,50.0,0.0,0.0,0.0,0.0,0.0,5.21,0.0,0.0,0.0,0.0,50.0,0.0,0.0,0.0,1.27,0.0,0.0,0.0,0.0,0.0,0.0,0.0,0.0,0.0,0.0,0.0,4.53,5.76,0.0,6.76,0.0,28.47,0.0,5.95,0.0,0.0,0.0,0.79,0.0,13.54,0.0,0.0,17.98,0.0,0.0,0.0,0.0,26.32,12.56,0.0,0.0,0.0,5.03,29.02,0.0,0.0,0.0,21.15,1.0,0.0,0.0,0.0,0.0,0.0,1.0,0.0,0.0,0.0,1.0,1.0,0.0,0.0,1.0,0.0,0.0,0.0,1.0,0.0,0.0,1.0,0.0,0.0,1.0,0.0,0.0,0.0,1.0,0.0,0.0,1.0,0.0,0.0,0.0,0.0,1.0,0.0,0.0,0.0,0.0,1.0,0.0,1.0,0.0,0.0,0.0,1.0,0.0,0.0,1.0,0.0,0.0
69,0.0,50.0,0.0,5.21,0.0,0.0,0.0,0.0,0.0,0.0,0.0,0.0,50.0,0.0,0.0,0.0,0.0,0.0,0.0,0.0,0.0,0.0,0.0,0.0,1.27,0.0,4.53,0.0,0.0,5.76,0.0,6.76,28.47,0.0,0.0,5.95,0.0,0.0,0.79,0.0,0.0,13.54,0.0,17.98,0.0,0.0,0.0,26.32,0.0,12.56,0.0,0.0,0.0,5.03,0.0,29.02,0.0,0.0,21.15,0.0,1.0,0.0,0.0,0.0,0.0,0.0,1.0,0.0,1.0,0.0,0.0,0.0,1.0,0.0,0.0,1.0,0.0,1.0,0.0,0.0,0.0,1.0,0.0,0.0,0.0,1.0,0.0,0.0,0.0,1.0,0.0,0.0,1.0,0.0,0.0,0.0,0.0,1.0,0.0,0.0,1.0,0.0,0.0,1.0,0.0,0.0,0.0,1.0,0.0,0.0,0.0,1.0
70,0.0,50.0,5.21,0.0,0.0,0.0,0.0,0.0,0.0,0.0,0.0,0.0,50.0,0.0,0.0,0.0,0.0,0.0,0.0,0.0,0.0,0.0,0.0,0.0,0.0,1.27,0.0,4.53,0.0,5.76,6.76,0.0,28.47,0.0,5.95,0.0,0.0,0.0,0.0,0.79,0.0,13.54,0.0,17.98,0.0,0.0,0.0,0.0,26.32,0.0,12.56,0.0,0.0,5.03,29.02,0.0,0.0,0.0,21.15,0.0,1.0,0.0,0.0,0.0,1.0,0.0,0.0,1.0,0.0,0.0,1.0,0.0,0.0,1.0,0.0,0.0,0.0,1.0,0.0,1.0,0.0,0.0,0.0,1.0,0.0,0.0,0.0,0.0,0.0,1.0,0.0,0.0,0.0,1.0,0.0,1.0,0.0,0.0,0.0,0.0,1.0,0.0,1.0,0.0,0.0,0.0,1.0,0.0,0.0,1.0,0.0,0.0
71,50.0,0.0,0.0,0.0,0.0,0.0,0.0,5.21,0.0,0.0,0.0,50.0,0.0,0.0,0.0,1.27,0.0,0.0,0.0,0.0,0.0,0.0,0.0,0.0,0.0,0.0,0.0,4.53,5.76,0.0,0.0,6.76,28.47,0.0,5.95,0.0,0.0,0.0,0.0,0.79,0.0,13.54,0.0,0.0,17.98,0.0,0.0,26.32,0.0,0.0,12.56,0.0,5.03,0.0,29.02,0.0,0.0,0.0,21.15,1.0,0.0,0.0,0.0,0.0,1.0,0.0,0.0,1.0,0.0,0.0,0.0,0.0,1.0,0.0,0.0,1.0,1.0,0.0,0.0,1.0,0.0,0.0,0.0,1.0,0.0,0.0,0.0,1.0,0.0,0.0,1.0,0.0,0.0,0.0,0.0,1.0,0.0,0.0,0.0,0.0,1.0,0.0,0.0,0.0,1.0,1.0,0.0,0.0,0.0,1.0,0.0,0.0
72,50.0,0.0,0.0,0.0,0.0,0.0,5.21,0.0,0.0,0.0,0.0,0.0,50.0,0.0,0.0,0.0,0.0,0.0,0.0,0.0,0.0,0.0,0.0,0.0,1.27,0.0,0.0,4.53,0.0,5.76,0.0,6.76,0.0,28.47,0.0,5.95,0.0,0.0,0.79,0.0,13.54,0.0,0.0,17.98,0.0,0.0,0.0,0.0,26.32,12.56,0.0,0.0,0.0,5.03,0.0,29.02,0.0,0.0,21.15,1.0,0.0,0.0,0.0,0.0,1.0,0.0,0.0,0.0,0.0,1.0,0.0,0.0,1.0,0.0,0.0,1.0,0.0,0.0,1.0,0.0,0.0,0.0,1.0,0.0,0.0,1.0,0.0,0.0,1.0,0.0,0.0,0.0,0.0,0.0,1.0,1.0,0.0,0.0,0.0,0.0,1.0,0.0,1.0,0.0,0.0,0.0,0.0,0.0,1.0,1.0,0.0,0.0
73,0.0,50.0,0.0,0.0,0.0,0.0,0.0,0.0,0.0,0.0,5.21,0.0,50.0,0.0,0.0,0.0,0.0,0.0,0.0,0.0,0.0,0.0,0.0,0.0,0.0,1.27,0.0,4.53,5.76,0.0,6.76,0.0,28.47,0.0,5.95,0.0,0.0,0.0,0.0,0.79,0.0,13.54,0.0,17.98,0.0,0.0,0.0,26.32,0.0,12.56,0.0,0.0,5.03,0.0,0.0,0.0,29.02,21.15,0.0,0.0,0.0,0.0,0.0,1.0,0.0,1.0,0.0,1.0,0.0,0.0,0.0,0.0,1.0,0.0,0.0,1.0,1.0,0.0,0.0,0.0,0.0,0.0,1.0,0.0,1.0,0.0,0.0,0.0,1.0,0.0,0.0,0.0,0.0,1.0,0.0,1.0,0.0,0.0,0.0,0.0,1.0,0.0,1.0,0.0,0.0,1.0,0.0,0.0,0.0,0.0,0.0,1.0
74,0.0,50.0,0.0,0.0,0.0,0.0,0.0,0.0,5.21,0.0,0.0,0.0,50.0,0.0,0.0,0.0,0.0,0.0,0.0,0.0,1.27,0.0,0.0,0.0,0.0,0.0,0.0,4.53,0.0,5.76,6.76,0.0,28.47,0.0,5.95,0.0,0.0,0.0,0.0,0.79,0.0,13.54,17.98,0.0,0.0,0.0,0.0,26.32,0.0,12.56,0.0,5.03,0.0,0.0,0.0,29.02,0.0,0.0,21.15,0.0,0.0,0.0,1.0,0.0,1.0,0.0,0.0,1.0,0.0,0.0,0.0,0.0,1.0,0.0,0.0,1.0,0.0,1.0,0.0,0.0,1.0,0.0,0.0,1.0,0.0,0.0,0.0,1.0,0.0,0.0,0.0,1.0,0.0,0.0,0.0,0.0,0.0,1.0,0.0,0.0,1.0,0.0,0.0,1.0,0.0,0.0,0.0,1.0,0.0,1.0,0.0,0.0
75,0.0,50.0,0.0,0.0,0.0,0.0,5.21,0.0,0.0,0.0,0.0,0.0,50.0,0.0,0.0,0.0,0.0,0.0,0.0,0.0,0.0,0.0,0.0,0.0,1.27,0.0,4.53,0.0,0.0,5.76,6.76,0.0,28.47,0.0,0.0,5.95,0.0,0.0,0.0,0.79,0.0,13.54,0.0,17.98,0.0,0.0,0.0,0.0,26.32,12.56,0.0,5.03,0.0,0.0,29.02,0.0,0.0,21.15,0.0,1.0,0.0,0.0,0.0,0.0,0.0,1.0,0.0,1.0,0.0,0.0,1.0,0.0,0.0,1.0,0.0,0.0,0.0,1.0,0.0,1.0,0.0,0.0,0.0,1.0,0.0,0.0,0.0,1.0,0.0,0.0,0.0,0.0,1.0,0.0,0.0,0.0,0.0,1.0,0.0,1.0,0.0,0.0,1.0,0.0,0.0,1.0,0.0,0.0,0.0,1.0,0.0,0.0
76,0.0,50.0,0.0,0.0,0.0,0.0,5.21,0.0,0.0,0.0,0.0,0.0,50.0,0.0,0.0,0.0,0.0,0.0,0.0,0.0,1.27,0.0,0.0,0.0,0.0,0.0,4.53,0.0,0.0,5.76,6.76,0.0,28.47,0.0,5.95,0.0,0.0,0.0,0.79,0.0,0.0,13.54,0.0,0.0,17.98,0.0,0.0,26.32,0.0,12.56,0.0,5.03,0.0,0.0,29.02,0.0,0.0,0.0,21.15,1.0,0.0,0.0,0.0,0.0,1.0,0.0,0.0,1.0,0.0,0.0,1.0,0.0,0.0,0.0,0.0,1.0,0.0,1.0,0.0,0.0,1.0,0.0,0.0,1.0,0.0,0.0,0.0,0.0,0.0,1.0,1.0,0.0,0.0,0.0,0.0,0.0,0.0,1.0,0.0,1.0,0.0,0.0,0.0,1.0,0.0,0.0,1.0,0.0,0.0,0.0,1.0,0.0
77,0.0,50.0,0.0,0.0,0.0,0.0,5.21,0.0,0.0,0.0,0.0,50.0,0.0,0.0,0.0,0.0,0.0,0.0,0.0,0.0,0.0,0.0,0.0,0.0,1.27,0.0,0.0,4.53,0.0,5.76,0.0,6.76,28.47,0.0,5.95,0.0,0.0,0.0,0.79,0.0,13.54,0.0,0.0,17.98,0.0,0.0,0.0,26.32,0.0,12.56,0.0,5.03,0.0,0.0,0.0,29.02,0.0,0.0,21.15,0.0,0.0,0.0,1.0,0.0,1.0,0.0,0.0,0.0,0.0,1.0,1.0,0.0,0.0,0.0,0.0,1.0,0.0,1.0,0.0,0.0,1.0,0.0,0.0,0.0,0.0,1.0,0.0,1.0,0.0,0.0,0.0,0.0,1.0,0.0,0.0,0.0,0.0,1.0,0.0,0.0,1.0,0.0,0.0,1.0,0.0,0.0,0.0,1.0,0.0,1.0,0.0,0.0
78,0.0,50.0,0.0,0.0,0.0,0.0,5.21,0.0,0.0,0.0,0.0,0.0,50.0,0.0,0.0,0.0,0.0,0.0,0.0,0.0,0.0,0.0,0.0,1.27,0.0,0.0,4.53,0.0,0.0,5.76,6.76,0.0,28.47,0.0,5.95,0.0,0.0,0.79,0.0,0.0,0.0,13.54,0.0,17.98,0.0,0.0,0.0,0.0,26.32,12.56,0.0,5.03,0.0,0.0,0.0,29.02,0.0,0.0,21.15,0.0,0.0,1.0,0.0,0.0,0.0,1.0,0.0,0.0,1.0,0.0,1.0,0.0,0.0,1.0,0.0,0.0,0.0,1.0,0.0,0.0,1.0,0.0,0.0,0.0,0.0,1.0,0.0,0.0,0.0,1.0,0.0,0.0,1.0,0.0,0.0,1.0,0.0,0.0,0.0,0.0,1.0,0.0,0.0,1.0,0.0,0.0,0.0,1.0,0.0,1.0,0.0,0.0
79,0.0,50.0,0.0,0.0,5.21,0.0,0.0,0.0,0.0,0.0,0.0,0.0,50.0,0.0,0.0,0.0,0.0,0.0,1.27,0.0,0.0,0.0,0.0,0.0,0.0,0.0,0.0,4.53,0.0,5.76,0.0,6.76,28.47,0.0,5.95,0.0,0.0,0.0,0.79,0.0,13.54,0.0,0.0,17.98,0.0,0.0,0.0,26.32,0.0,0.0,12.56,5.03,0.0,0.0,29.02,0.0,0.0,21.15,0.0,0.0,0.0,1.0,0.0,0.0,0.0,1.0,0.0,0.0,0.0,1.0,0.0,0.0,1.0,0.0,0.0,1.0,0.0,1.0,0.0,0.0,1.0,0.0,0.0,0.0,0.0,1.0,0.0,0.0,1.0,0.0,0.0,0.0,1.0,0.0,0.0,0.0,0.0,1.0,0.0,0.0,0.0,1.0,0.0,1.0,0.0,0.0,1.0,0.0,0.0,0.0,1.0,0.0
80,0.0,50.0,0.0,0.0,5.21,0.0,0.0,0.0,0.0,0.0,0.0,0.0,50.0,0.0,0.0,0.0,0.0,0.0,0.0,1.27,0.0,0.0,0.0,0.0,0.0,0.0,4.53,0.0,5.76,0.0,0.0,6.76,28.47,0.0,0.0,5.95,0.0,0.0,0.79,0.0,0.0,13.54,0.0,0.0,17.98,0.0,0.0,26.32,0.0,12.56,0.0,5.03,0.0,0.0,0.0,29.02,0.0,0.0,21.15,0.0,0.0,1.0,0.0,0.0,1.0,0.0,0.0,0.0,1.0,0.0,1.0,0.0,0.0,0.0,0.0,1.0,0.0,1.0,0.0,0.0,0.0,1.0,0.0,0.0,0.0,1.0,0.0,0.0,0.0,1.0,0.0,0.0,0.0,1.0,0.0,0.0,0.0,1.0,0.0,1.0,0.0,0.0,0.0,1.0,0.0,0.0,0.0,1.0,0.0,0.0,1.0,0.0
81,50.0,0.0,0.0,0.0,5.21,0.0,0.0,0.0,0.0,0.0,0.0,50.0,0.0,1.27,0.0,0.0,0.0,0.0,0.0,0.0,0.0,0.0,0.0,0.0,0.0,0.0,4.53,0.0,0.0,5.76,0.0,6.76,0.0,28.47,0.0,5.95,0.0,0.0,0.79,0.0,0.0,13.54,0.0,0.0,17.98,0.0,0.0,0.0,26.32,12.56,0.0,0.0,0.0,5.03,29.02,0.0,0.0,0.0,21.15,0.0,0.0,1.0,0.0,0.0,0.0,0.0,1.0,0.0,1.0,0.0,0.0,0.0,1.0,0.0,0.0,1.0,1.0,0.0,0.0,1.0,0.0,0.0,0.0,1.0,0.0,0.0,0.0,0.0,0.0,1.0,0.0,0.0,0.0,1.0,0.0,0.0,0.0,0.0,1.0,0.0,1.0,0.0,0.0,1.0,0.0,0.0,0.0,0.0,1.0,0.0,1.0,0.0
82,0.0,50.0,5.21,0.0,0.0,0.0,0.0,0.0,0.0,0.0,0.0,50.0,0.0,0.0,0.0,0.0,0.0,0.0,1.27,0.0,0.0,0.0,0.0,0.0,0.0,0.0,4.53,0.0,5.76,0.0,6.76,0.0,0.0,28.47,0.0,0.0,5.95,0.0,0.79,0.0,0.0,13.54,0.0,0.0,17.98,0.0,0.0,26.32,0.0,0.0,12.56,5.03,0.0,0.0,29.02,0.0,0.0,21.15,0.0,0.0,1.0,0.0,0.0,0.0,0.0,1.0,0.0,0.0,1.0,0.0,0.0,1.0,0.0,0.0,1.0,0.0,0.0,0.0,1.0,0.0,0.0,1.0,0.0,0.0,0.0,1.0,0.0,0.0,0.0,1.0,0.0,0.0,1.0,0.0,0.0,0.0,0.0,1.0,0.0,0.0,1.0,0.0,0.0,1.0,0.0,0.0,1.0,0.0,0.0,0.0,0.0,1.0
83,50.0,0.0,0.0,5.21,0.0,0.0,0.0,0.0,0.0,0.0,0.0,0.0,50.0,0.0,0.0,0.0,0.0,1.27,0.0,0.0,0.0,0.0,0.0,0.0,0.0,0.0,4.53,0.0,0.0,5.76,0.0,6.76,28.47,0.0,0.0,0.0,5.95,0.79,0.0,0.0,0.0,13.54,0.0,0.0,0.0,17.98,0.0,0.0,26.32,12.56,0.0,0.0,5.03,0.0,29.02,0.0,0.0,0.0,21.15,1.0,0.0,0.0,0.0,0.0,1.0,0.0,0.0,0.0,1.0,0.0,1.0,0.0,0.0,1.0,0.0,0.0,1.0,0.0,0.0,1.0,0.0,0.0,0.0,1.0,0.0,0.0,0.0,1.0,0.0,0.0,0.0,0.0,0.0,0.0,1.0,0.0,0.0,0.0,1.0,0.0,1.0,0.0,0.0,1.0,0.0,0.0,1.0,0.0,0.0,1.0,0.0,0.0
84,50.0,0.0,0.0,0.0,0.0,0.0,0.0,5.21,0.0,0.0,0.0,0.0,50.0,0.0,0.0,0.0,0.0,0.0,0.0,0.0,1.27,0.0,0.0,0.0,0.0,0.0,4.53,0.0,5.76,0.0,6.76,0.0,28.47,0.0,0.0,5.95,0.0,0.0,0.79,0.0,13.54,0.0,0.0,0.0,17.98,0.0,0.0,26.32,0.0,0.0,12.56,5.03,0.0,0.0,0.0,29.02,0.0,21.15,0.0,1.0,0.0,0.0,0.0,0.0,0.0,1.0,0.0,0.0,0.0,1.0,1.0,0.0,0.0,1.0,0.0,0.0,0.0,1.0,0.0,0.0,1.0,0.0,0.0,0.0,0.0,1.0,0.0,1.0,0.0,0.0,0.0,0.0,1.0,0.0,0.0,0.0,0.0,1.0,0.0,0.0,0.0,1.0,0.0,1.0,0.0,0.0,0.0,1.0,0.0,0.0,1.0,0.0
85,50.0,0.0,0.0,5.21,0.0,0.0,0.0,0.0,0.0,0.0,0.0,50.0,0.0,0.0,0.0,1.27,0.0,0.0,0.0,0.0,0.0,0.0,0.0,0.0,0.0,0.0,4.53,0.0,0.0,5.76,0.0,6.76,28.47,0.0,0.0,5.95,0.0,0.79,0.0,0.0,0.0,13.54,17.98,0.0,0.0,0.0,0.0,26.32,0.0,12.56,0.0,0.0,5.03,0.0,0.0,29.02,0.0,21.15,0.0,0.0,1.0,0.0,0.0,0.0,1.0,0.0,0.0,0.0,1.0,0.0,1.0,0.0,0.0,0.0,1.0,0.0,0.0,1.0,0.0,1.0,0.0,0.0,0.0,1.0,0.0,0.0,0.0,0.0,0.0,1.0,0.0,0.0,1.0,0.0,0.0,0.0,1.0,0.0,0.0,1.0,0.0,0.0,1.0,0.0,0.0,0.0,0.0,1.0,0.0,0.0,0.0,1.0
86,50.0,0.0,0.0,5.21,0.0,0.0,0.0,0.0,0.0,0.0,0.0,0.0,50.0,0.0,0.0,0.0,0.0,0.0,1.27,0.0,0.0,0.0,0.0,0.0,0.0,0.0,0.0,4.53,5.76,0.0,6.76,0.0,28.47,0.0,5.95,0.0,0.0,0.0,0.79,0.0,0.0,13.54,0.0,0.0,17.98,0.0,0.0,26.32,0.0,0.0,12.56,0.0,5.03,0.0,29.02,0.0,0.0,0.0,21.15,0.0,0.0,1.0,0.0,0.0,0.0,1.0,0.0,0.0,0.0,1.0,0.0,0.0,1.0,0.0,0.0,1.0,0.0,1.0,0.0,1.0,0.0,0.0,0.0,0.0,0.0,1.0,0.0,1.0,0.0,0.0,0.0,0.0,0.0,1.0,0.0,0.0,0.0,1.0,0.0,0.0,1.0,0.0,0.0,1.0,0.0,0.0,1.0,0.0,0.0,0.0,1.0,0.0
87,50.0,0.0,0.0,0.0,5.21,0.0,0.0,0.0,0.0,0.0,0.0,50.0,0.0,0.0,0.0,0.0,0.0,0.0,0.0,0.0,1.27,0.0,0.0,0.0,0.0,0.0,0.0,4.53,0.0,5.76,0.0,6.76,28.47,0.0,0.0,5.95,0.0,0.0,0.79,0.0,0.0,13.54,17.98,0.0,0.0,0.0,0.0,26.32,0.0,12.56,0.0,5.03,0.0,0.0,0.0,29.02,0.0,0.0,21.15,1.0,0.0,0.0,0.0,0.0,1.0,0.0,0.0,0.0,0.0,1.0,1.0,0.0,0.0,1.0,0.0,0.0,0.0,1.0,0.0,0.0,1.0,0.0,0.0,0.0,0.0,1.0,0.0,1.0,0.0,0.0,0.0,0.0,1.0,0.0,0.0,0.0,0.0,1.0,0.0,0.0,1.0,0.0,1.0,0.0,0.0,0.0,1.0,0.0,0.0,0.0,0.0,1.0
88,50.0,0.0,0.0,5.21,0.0,0.0,0.0,0.0,0.0,0.0,0.0,0.0,50.0,0.0,0.0,0.0,0.0,0.0,0.0,0.0,1.27,0.0,0.0,0.0,0.0,0.0,0.0,4.53,5.76,0.0,6.76,0.0,0.0,28.47,5.95,0.0,0.0,0.0,0.79,0.0,13.54,0.0,17.98,0.0,0.0,0.0,0.0,26.32,0.0,12.56,0.0,5.03,0.0,0.0,0.0,0.0,29.02,0.0,21.15,0.0,0.0,1.0,0.0,0.0,0.0,1.0,0.0,0.0,0.0,1.0,1.0,0.0,0.0,1.0,0.0,0.0,0.0,1.0,0.0,0.0,1.0,0.0,0.0,0.0,0.0,1.0,0.0,1.0,0.0,0.0,0.0,1.0,0.0,0.0,0.0,0.0,0.0,1.0,0.0,0.0,1.0,0.0,1.0,0.0,0.0,0.0,0.0,0.0,1.0,0.0,1.0,0.0
89,0.0,50.0,0.0,0.0,5.21,0.0,0.0,0.0,0.0,0.0,0.0,50.0,0.0,0.0,0.0,0.0,0.0,0.0,0.0,1.27,0.0,0.0,0.0,0.0,0.0,0.0,4.53,0.0,5.76,0.0,6.76,0.0,28.47,0.0,0.0,5.95,0.0,0.79,0.0,0.0,0.0,13.54,0.0,17.98,0.0,0.0,26.32,0.0,0.0,12.56,0.0,0.0,0.0,5.03,0.0,29.02,0.0,0.0,21.15,0.0,0.0,1.0,0.0,0.0,1.0,0.0,0.0,1.0,0.0,0.0,1.0,0.0,0.0,0.0,0.0,1.0,0.0,1.0,0.0,1.0,0.0,0.0,0.0,1.0,0.0,0.0,0.0,0.0,0.0,1.0,0.0,0.0,1.0,0.0,0.0,0.0,1.0,0.0,0.0,0.0,1.0,0.0,1.0,0.0,0.0,0.0,0.0,1.0,0.0,1.0,0.0,0.0
90,0.0,50.0,0.0,0.0,0.0,5.21,0.0,0.0,0.0,0.0,0.0,0.0,50.0,0.0,0.0,0.0,0.0,1.27,0.0,0.0,0.0,0.0,0.0,0.0,0.0,0.0,4.53,0.0,5.76,0.0,0.0,6.76,28.47,0.0,0.0,5.95,0.0,0.79,0.0,0.0,0.0,13.54,0.0,17.98,0.0,0.0,0.0,26.32,0.0,0.0,12.56,5.03,0.0,0.0,0.0,29.02,0.0,21.15,0.0,0.0,0.0,0.0,1.0,0.0,0.0,1.0,0.0,0.0,1.0,0.0,0.0,1.0,0.0,0.0,0.0,1.0,0.0,1.0,0.0,0.0,0.0,1.0,0.0,0.0,1.0,0.0,0.0,0.0,0.0,1.0,0.0,0.0,1.0,0.0,0.0,0.0,0.0,1.0,0.0,0.0,1.0,0.0,1.0,0.0,0.0,0.0,0.0,1.0,0.0,0.0,1.0,0.0
91,0.0,50.0,0.0,0.0,5.21,0.0,0.0,0.0,0.0,0.0,0.0,0.0,50.0,0.0,0.0,0.0,0.0,0.0,0.0,0.0,0.0,0.0,0.0,0.0,1.27,0.0,0.0,4.53,0.0,5.76,6.76,0.0,0.0,28.47,0.0,5.95,0.0,0.0,0.0,0.79,0.0,13.54,17.98,0.0,0.0,0.0,26.32,0.0,0.0,12.56,0.0,0.0,0.0,5.03,0.0,29.02,0.0,0.0,21.15,0.0,0.0,1.0,0.0,0.0,0.0,0.0,1.0,0.0,0.0,1.0,0.0,1.0,0.0,1.0,0.0,0.0,0.0,1.0,0.0,0.0,0.0,1.0,0.0,0.0,1.0,0.0,0.0,0.0,0.0,1.0,0.0,1.0,0.0,0.0,0.0,0.0,0.0,1.0,0.0,0.0,1.0,0.0,1.0,0.0,0.0,0.0,0.0,1.0,0.0,0.0,1.0,0.0
92,50.0,0.0,0.0,5.21,0.0,0.0,0.0,0.0,0.0,0.0,0.0,50.0,0.0,0.0,0.0,0.0,0.0,0.0,0.0,1.27,0.0,0.0,0.0,0.0,0.0,0.0,0.0,4.53,5.76,0.0,6.76,0.0,28.47,0.0,5.95,0.0,0.0,0.79,0.0,0.0,0.0,13.54,17.98,0.0,0.0,0.0,26.32,0.0,0.0,0.0,12.56,0.0,0.0,5.03,0.0,29.02,0.0,21.15,0.0,0.0,1.0,0.0,0.0,0.0,1.0,0.0,0.0,1.0,0.0,0.0,1.0,0.0,0.0,0.0,0.0,1.0,0.0,1.0,0.0,1.0,0.0,0.0,0.0,1.0,0.0,0.0,0.0,0.0,0.0,1.0,1.0,0.0,0.0,0.0,0.0,0.0,1.0,0.0,0.0,1.0,0.0,0.0,1.0,0.0,0.0,0.0,0.0,1.0,0.0,1.0,0.0,0.0
93,0.0,50.0,0.0,0.0,0.0,5.21,0.0,0.0,0.0,0.0,0.0,50.0,0.0,1.27,0.0,0.0,0.0,0.0,0.0,0.0,0.0,0.0,0.0,0.0,0.0,0.0,0.0,4.53,0.0,5.76,0.0,6.76,28.47,0.0,5.95,0.0,0.0,0.0,0.79,0.0,13.54,0.0,17.98,0.0,0.0,0.0,26.32,0.0,0.0,0.0,12.56,0.0,0.0,5.03,0.0,29.02,0.0,21.15,0.0,1.0,0.0,0.0,0.0,0.0,1.0,0.0,0.0,0.0,0.0,1.0,1.0,0.0,0.0,1.0,0.0,0.0,0.0,1.0,0.0,0.0,1.0,0.0,0.0,1.0,0.0,0.0,0.0,0.0,1.0,0.0,0.0,1.0,0.0,0.0,0.0,0.0,1.0,0.0,0.0,1.0,0.0,0.0,1.0,0.0,0.0,0.0,0.0,1.0,0.0,0.0,0.0,1.0
94,0.0,50.0,0.0,0.0,5.21,0.0,0.0,0.0,0.0,0.0,0.0,0.0,50.0,0.0,0.0,1.27,0.0,0.0,0.0,0.0,0.0,0.0,0.0,0.0,0.0,0.0,4.53,0.0,5.76,0.0,6.76,0.0,28.47,0.0,0.0,0.0,5.95,0.0,0.79,0.0,0.0,13.54,17.98,0.0,0.0,0.0,0.0,26.32,0.0,12.56,0.0,5.03,0.0,0.0,0.0,29.02,0.0,0.0,21.15,0.0,0.0,1.0,0.0,0.0,0.0,1.0,0.0,0.0,0.0,1.0,0.0,0.0,1.0,0.0,1.0,0.0,0.0,1.0,0.0,0.0,1.0,0.0,0.0,0.0,1.0,0.0,0.0,1.0,0.0,0.0,0.0,0.0,1.0,0.0,0.0,0.0,1.0,0.0,0.0,0.0,1.0,0.0,1.0,0.0,0.0,0.0,0.0,1.0,0.0,0.0,1.0,0.0
95,0.0,50.0,0.0,5.21,0.0,0.0,0.0,0.0,0.0,0.0,0.0,0.0,50.0,0.0,0.0,0.0,0.0,1.27,0.0,0.0,0.0,0.0,0.0,0.0,0.0,0.0,4.53,0.0,0.0,5.76,0.0,6.76,28.47,0.0,0.0,0.0,5.95,0.79,0.0,0.0,13.54,0.0,0.0,17.98,0.0,0.0,0.0,26.32,0.0,0.0,12.56,0.0,0.0,5.03,0.0,29.02,0.0,21.15,0.0,0.0,0.0,0.0,1.0,0.0,0.0,1.0,0.0,0.0,1.0,0.0,0.0,1.0,0.0,1.0,0.0,0.0,0.0,1.0,0.0,0.0,0.0,1.0,0.0,0.0,1.0,0.0,0.0,0.0,1.0,0.0,0.0,0.0,1.0,0.0,0.0,0.0,0.0,1.0,0.0,0.0,1.0,0.0,0.0,0.0,1.0,0.0,0.0,1.0,0.0,0.0,0.0,1.0
96,50.0,0.0,0.0,0.0,5.21,0.0,0.0,0.0,0.0,0.0,0.0,50.0,0.0,0.0,0.0,0.0,0.0,0.0,1.27,0.0,0.0,0.0,0.0,0.0,0.0,0.0,4.53,0.0,0.0,5.76,0.0,6.76,28.47,0.0,0.0,5.95,0.0,0.0,0.79,0.0,13.54,0.0,0.0,17.98,0.0,0.0,26.32,0.0,0.0,12.56,0.0,0.0,0.0,5.03,0.0,29.02,0.0,0.0,21.15,1.0,0.0,0.0,0.0,0.0,1.0,0.0,0.0,1.0,0.0,0.0,1.0,0.0,0.0,1.0,0.0,0.0,0.0,1.0,0.0,1.0,0.0,0.0,0.0,1.0,0.0,0.0,0.0,1.0,0.0,0.0,0.0,0.0,1.0,0.0,0.0,0.0,1.0,0.0,0.0,1.0,0.0,0.0,0.0,1.0,0.0,0.0,0.0,1.0,0.0,1.0,0.0,0.0
97,0.0,50.0,0.0,0.0,5.21,0.0,0.0,0.0,0.0,0.0,0.0,0.0,50.0,0.0,0.0,0.0,0.0,0.0,0.0,0.0,1.27,0.0,0.0,0.0,0.0,0.0,0.0,4.53,0.0,5.76,0.0,6.76,28.47,0.0,0.0,5.95,0.0,0.79,0.0,0.0,0.0,13.54,17.98,0.0,0.0,0.0,0.0,26.32,0.0,12.56,0.0,0.0,5.03,0.0,0.0,29.02,0.0,21.15,0.0,0.0,0.0,0.0,1.0,0.0,0.0,1.0,0.0,0.0,1.0,0.0,0.0,0.0,1.0,0.0,1.0,0.0,0.0,1.0,0.0,0.0,0.0,1.0,0.0,0.0,1.0,0.0,0.0,0.0,0.0,1.0,0.0,1.0,0.0,0.0,0.0,0.0,0.0,1.0,0.0,0.0,1.0,0.0,1.0,0.0,0.0,0.0,0.0,1.0,0.0,0.0,0.0,1.0
98,0.0,50.0,0.0,0.0,0.0,0.0,0.0,0.0,5.21,0.0,0.0,0.0,50.0,0.0,1.27,0.0,0.0,0.0,0.0,0.0,0.0,0.0,0.0,0.0,0.0,0.0,4.53,0.0,0.0,5.76,0.0,6.76,28.47,0.0,5.95,0.0,0.0,0.79,0.0,0.0,0.0,13.54,0.0,17.98,0.0,0.0,0.0,0.0,26.32,12.56,0.0,5.03,0.0,0.0,0.0,29.02,0.0,21.15,0.0,0.0,0.0,0.0,1.0,0.0,0.0,1.0,0.0,0.0,1.0,0.0,0.0,1.0,0.0,0.0,1.0,0.0,0.0,1.0,0.0,0.0,0.0,1.0,0.0,0.0,1.0,0.0,0.0,0.0,0.0,1.0,0.0,1.0,0.0,0.0,0.0,0.0,0.0,1.0,0.0,0.0,1.0,0.0,1.0,0.0,0.0,0.0,0.0,1.0,0.0,0.0,1.0,0.0
99,50.0,0.0,0.0,0.0,5.21,0.0,0.0,0.0,0.0,0.0,0.0,50.0,0.0,0.0,0.0,0.0,0.0,0.0,1.27,0.0,0.0,0.0,0.0,0.0,0.0,0.0,0.0,4.53,0.0,5.76,6.76,0.0,28.47,0.0,5.95,0.0,0.0,0.0,0.79,0.0,0.0,13.54,17.98,0.0,0.0,0.0,0.0,0.0,26.32,0.0,12.56,5.03,0.0,0.0,0.0,29.02,0.0,0.0,21.15,0.0,0.0,0.0,1.0,0.0,0.0,1.0,0.0,0.0,1.0,0.0,0.0,1.0,0.0,0.0,0.0,1.0,0.0,1.0,0.0,0.0,1.0,0.0,0.0,0.0,1.0,0.0,0.0,0.0,1.0,0.0,0.0,1.0,0.0,0.0,0.0,0.0,0.0,0.0,1.0,0.0,1.0,0.0,1.0,0.0,0.0,0.0,0.0,1.0,0.0,0.0,1.0,0.0
100,0.0,50.0,0.0,0.0,0.0,0.0,5.21,0.0,0.0,0.0,0.0,50.0,0.0,0.0,0.0,0.0,1.27,0.0,0.0,0.0,0.0,0.0,0.0,0.0,0.0,0.0,0.0,4.53,5.76,0.0,6.76,0.0,28.47,0.0,5.95,0.0,0.0,0.79,0.0,0.0,0.0,13.54,0.0,17.98,0.0,0.0,0.0,0.0,26.32,12.56,0.0,0.0,0.0,5.03,0.0,29.02,0.0,0.0,21.15,1.0,0.0,0.0,0.0,0.0,1.0,0.0,0.0,0.0,1.0,0.0,1.0,0.0,0.0,1.0,0.0,0.0,0.0,1.0,0.0,0.0,1.0,0.0,0.0,1.0,0.0,0.0,0.0,0.0,0.0,1.0,0.0,0.0,1.0,0.0,0.0,0.0,0.0,0.0,1.0,1.0,0.0,0.0,1.0,0.0,0.0,0.0,0.0,1.0,0.0,0.0,1.0,0.0
101,0.0,50.0,0.0,0.0,0.0,0.0,5.21,0.0,0.0,0.0,0.0,0.0,50.0,1.27,0.0,0.0,0.0,0.0,0.0,0.0,0.0,0.0,0.0,0.0,0.0,0.0,4.53,0.0,0.0,5.76,6.76,0.0,28.47,0.0,0.0,0.0,5.95,0.79,0.0,0.0,0.0,13.54,0.0,17.98,0.0,0.0,0.0,0.0,26.32,12.56,0.0,0.0,0.0,5.03,29.02,0.0,0.0,21.15,0.0,0.0,0.0,0.0,0.0,1.0,1.0,0.0,0.0,1.0,0.0,0.0,1.0,0.0,0.0,1.0,0.0,0.0,0.0,1.0,0.0,1.0,0.0,0.0,0.0,1.0,0.0,0.0,0.0,1.0,0.0,0.0,1.0,0.0,0.0,0.0,0.0,1.0,0.0,0.0,0.0,1.0,0.0,0.0,1.0,0.0,0.0,1.0,0.0,0.0,0.0,1.0,0.0,0.0
102,0.0,50.0,0.0,0.0,5.21,0.0,0.0,0.0,0.0,0.0,0.0,50.0,0.0,0.0,0.0,0.0,0.0,1.27,0.0,0.0,0.0,0.0,0.0,0.0,0.0,0.0,4.53,0.0,0.0,5.76,0.0,6.76,28.47,0.0,0.0,5.95,0.0,0.0,0.0,0.79,13.54,0.0,17.98,0.0,0.0,0.0,0.0,26.32,0.0,12.56,0.0,0.0,0.0,5.03,0.0,29.02,0.0,0.0,21.15,1.0,0.0,0.0,0.0,0.0,1.0,0.0,0.0,1.0,0.0,0.0,1.0,0.0,0.0,1.0,0.0,0.0,0.0,1.0,0.0,1.0,0.0,0.0,0.0,1.0,0.0,0.0,0.0,0.0,0.0,1.0,0.0,0.0,1.0,0.0,0.0,0.0,0.0,1.0,0.0,1.0,0.0,0.0,1.0,0.0,0.0,0.0,0.0,1.0,0.0,0.0,1.0,0.0
103,0.0,50.0,0.0,5.21,0.0,0.0,0.0,0.0,0.0,0.0,0.0,0.0,50.0,1.27,0.0,0.0,0.0,0.0,0.0,0.0,0.0,0.0,0.0,0.0,0.0,0.0,4.53,0.0,5.76,0.0,0.0,6.76,28.47,0.0,0.0,5.95,0.0,0.79,0.0,0.0,0.0,13.54,0.0,17.98,0.0,0.0,0.0,26.32,0.0,0.0,12.56,0.0,0.0,5.03,29.02,0.0,0.0,0.0,21.15,1.0,0.0,0.0,0.0,0.0,1.0,0.0,0.0,1.0,0.0,0.0,0.0,1.0,0.0,0.0,1.0,0.0,0.0,1.0,0.0,1.0,0.0,0.0,0.0,1.0,0.0,0.0,0.0,0.0,0.0,1.0,1.0,0.0,0.0,0.0,0.0,0.0,0.0,1.0,0.0,1.0,0.0,0.0,1.0,0.0,0.0,0.0,1.0,0.0,0.0,0.0,1.0,0.0
104,0.0,50.0,0.0,0.0,5.21,0.0,0.0,0.0,0.0,0.0,0.0,0.0,50.0,0.0,1.27,0.0,0.0,0.0,0.0,0.0,0.0,0.0,0.0,0.0,0.0,0.0,0.0,4.53,0.0,5.76,0.0,6.76,28.47,0.0,5.95,0.0,0.0,0.79,0.0,0.0,0.0,13.54,17.98,0.0,0.0,0.0,0.0,26.32,0.0,12.56,0.0,0.0,5.03,0.0,29.02,0.0,0.0,0.0,21.15,1.0,0.0,0.0,0.0,0.0,1.0,0.0,0.0,0.0,0.0,1.0,1.0,0.0,0.0,0.0,1.0,0.0,1.0,0.0,0.0,1.0,0.0,0.0,0.0,1.0,0.0,0.0,0.0,0.0,0.0,1.0,0.0,1.0,0.0,0.0,0.0,0.0,0.0,1.0,0.0,1.0,0.0,0.0,1.0,0.0,0.0,0.0,1.0,0.0,0.0,0.0,1.0,0.0
105,50.0,0.0,0.0,0.0,0.0,0.0,5.21,0.0,0.0,0.0,0.0,50.0,0.0,0.0,0.0,0.0,0.0,0.0,0.0,1.27,0.0,0.0,0.0,0.0,0.0,0.0,0.0,4.53,5.76,0.0,0.0,6.76,28.47,0.0,5.95,0.0,0.0,0.0,0.79,0.0,13.54,0.0,0.0,17.98,0.0,0.0,0.0,26.32,0.0,12.56,0.0,0.0,0.0,5.03,0.0,29.02,0.0,21.15,0.0,0.0,0.0,0.0,1.0,0.0,1.0,0.0,0.0,1.0,0.0,0.0,1.0,0.0,0.0,1.0,0.0,0.0,0.0,1.0,0.0,1.0,0.0,0.0,0.0,1.0,0.0,0.0,0.0,0.0,1.0,0.0,0.0,0.0,1.0,0.0,0.0,0.0,0.0,1.0,0.0,1.0,0.0,0.0,0.0,1.0,0.0,0.0,0.0,1.0,0.0,0.0,0.0,1.0
106,50.0,0.0,0.0,0.0,0.0,5.21,0.0,0.0,0.0,0.0,0.0,0.0,50.0,0.0,0.0,1.27,0.0,0.0,0.0,0.0,0.0,0.0,0.0,0.0,0.0,0.0,4.53,0.0,0.0,5.76,0.0,6.76,28.47,0.0,5.95,0.0,0.0,0.0,0.0,0.79,13.54,0.0,0.0,17.98,0.0,0.0,0.0,26.32,0.0,12.56,0.0,5.03,0.0,0.0,0.0,29.02,0.0,0.0,21.15,1.0,0.0,0.0,0.0,0.0,1.0,0.0,0.0,1.0,0.0,0.0,1.0,0.0,0.0,1.0,0.0,0.0,0.0,1.0,0.0,1.0,0.0,0.0,0.0,1.0,0.0,0.0,0.0,1.0,0.0,0.0,1.0,0.0,0.0,0.0,0.0,1.0,0.0,0.0,0.0,1.0,0.0,0.0,1.0,0.0,0.0,1.0,0.0,0.0,0.0,1.0,0.0,0.0
107,0.0,50.0,0.0,0.0,0.0,5.21,0.0,0.0,0.0,0.0,0.0,50.0,0.0,0.0,0.0,0.0,0.0,0.0,0.0,1.27,0.0,0.0,0.0,0.0,0.0,0.0,0.0,4.53,0.0,5.76,6.76,0.0,28.47,0.0,5.95,0.0,0.0,0.79,0.0,0.0,0.0,13.54,17.98,0.0,0.0,0.0,0.0,26.32,0.0,12.56,0.0,0.0,0.0,5.03,0.0,29.02,0.0,0.0,21.15,0.0,0.0,1.0,0.0,0.0,1.0,0.0,0.0,0.0,0.0,1.0,1.0,0.0,0.0,1.0,0.0,0.0,0.0,1.0,0.0,1.0,0.0,0.0,0.0,1.0,0.0,0.0,0.0,0.0,0.0,1.0,0.0,1.0,0.0,0.0,0.0,0.0,0.0,1.0,0.0,1.0,0.0,0.0,1.0,0.0,0.0,0.0,0.0,1.0,0.0,0.0,1.0,0.0
108,50.0,0.0,0.0,5.21,0.0,0.0,0.0,0.0,0.0,0.0,0.0,0.0,50.0,0.0,1.27,0.0,0.0,0.0,0.0,0.0,0.0,0.0,0.0,0.0,0.0,0.0,4.53,0.0,5.76,0.0,0.0,6.76,28.47,0.0,5.95,0.0,0.0,0.0,0.0,0.79,13.54,0.0,0.0,17.98,0.0,0.0,0.0,26.32,0.0,0.0,12.56,5.03,0.0,0.0,0.0,29.02,0.0,0.0,21.15,1.0,0.0,0.0,0.0,0.0,1.0,0.0,0.0,1.0,0.0,0.0,1.0,0.0,0.0,1.0,0.0,0.0,0.0,1.0,0.0,1.0,0.0,0.0,0.0,1.0,0.0,0.0,0.0,1.0,0.0,0.0,1.0,0.0,0.0,0.0,0.0,0.0,0.0,1.0,0.0,1.0,0.0,0.0,1.0,0.0,0.0,1.0,0.0,0.0,0.0,1.0,0.0,0.0
109,0.0,50.0,0.0,0.0,5.21,0.0,0.0,0.0,0.0,0.0,0.0,50.0,0.0,0.0,0.0,0.0,0.0,0.0,0.0,0.0,1.27,0.0,0.0,0.0,0.0,0.0,4.53,0.0,5.76,0.0,0.0,6.76,0.0,28.47,0.0,5.95,0.0,0.0,0.79,0.0,0.0,13.54,17.98,0.0,0.0,0.0,0.0,26.32,0.0,12.56,0.0,5.03,0.0,0.0,29.02,0.0,0.0,0.0,21.15,1.0,0.0,0.0,0.0,0.0,1.0,0.0,0.0,1.0,0.0,0.0,0.0,0.0,1.0,1.0,0.0,0.0,1.0,0.0,0.0,1.0,0.0,0.0,0.0,1.0,0.0,0.0,0.0,1.0,0.0,0.0,0.0,1.0,0.0,0.0,0.0,0.0,0.0,1.0,0.0,0.0,1.0,0.0,1.0,0.0,0.0,0.0,1.0,0.0,0.0,1.0,0.0,0.0
110,50.0,0.0,0.0,0.0,0.0,0.0,5.21,0.0,0.0,0.0,0.0,50.0,0.0,0.0,0.0,1.27,0.0,0.0,0.0,0.0,0.0,0.0,0.0,0.0,0.0,0.0,4.53,0.0,5.76,0.0,0.0,6.76,28.47,0.0,5.95,0.0,0.0,0.0,0.0,0.79,0.0,13.54,0.0,17.98,0.0,0.0,0.0,26.32,0.0,12.56,0.0,0.0,0.0,5.03,0.0,29.02,0.0,21.15,0.0,1.0,0.0,0.0,0.0,0.0,1.0,0.0,0.0,1.0,0.0,0.0,1.0,0.0,0.0,0.0,1.0,0.0,0.0,1.0,0.0,1.0,0.0,0.0,0.0,1.0,0.0,0.0,0.0,0.0,0.0,1.0,0.0,0.0,1.0,0.0,0.0,0.0,0.0,1.0,0.0,1.0,0.0,0.0,0.0,1.0,0.0,0.0,0.0,1.0,0.0,0.0,0.0,1.0
111,0.0,50.0,0.0,0.0,0.0,0.0,5.21,0.0,0.0,0.0,0.0,50.0,0.0,0.0,0.0,0.0,0.0,0.0,0.0,1.27,0.0,0.0,0.0,0.0,0.0,0.0,0.0,4.53,5.76,0.0,6.76,0.0,28.47,0.0,5.95,0.0,0.0,0.0,0.79,0.0,0.0,13.54,17.98,0.0,0.0,0.0,0.0,26.32,0.0,12.56,0.0,0.0,5.03,0.0,0.0,29.02,0.0,0.0,21.15,1.0,0.0,0.0,0.0,0.0,1.0,0.0,0.0,1.0,0.0,0.0,0.0,0.0,1.0,0.0,1.0,0.0,1.0,0.0,0.0,0.0,0.0,1.0,0.0,1.0,0.0,0.0,0.0,0.0,0.0,1.0,0.0,1.0,0.0,0.0,0.0,0.0,0.0,1.0,0.0,1.0,0.0,0.0,1.0,0.0,0.0,0.0,0.0,1.0,0.0,0.0,1.0,0.0
112,0.0,50.0,0.0,0.0,5.21,0.0,0.0,0.0,0.0,0.0,0.0,50.0,0.0,0.0,0.0,0.0,0.0,0.0,1.27,0.0,0.0,0.0,0.0,0.0,0.0,0.0,0.0,4.53,5.76,0.0,6.76,0.0,28.47,0.0,0.0,5.95,0.0,0.79,0.0,0.0,0.0,13.54,17.98,0.0,0.0,0.0,0.0,0.0,26.32,12.56,0.0,0.0,0.0,5.03,0.0,29.02,0.0,0.0,21.15,1.0,0.0,0.0,0.0,0.0,1.0,0.0,0.0,1.0,0.0,0.0,1.0,0.0,0.0,1.0,0.0,0.0,0.0,1.0,0.0,1.0,0.0,0.0,0.0,1.0,0.0,0.0,0.0,0.0,0.0,1.0,1.0,0.0,0.0,0.0,0.0,1.0,0.0,0.0,0.0,1.0,0.0,0.0,1.0,0.0,0.0,1.0,0.0,0.0,0.0,0.0,1.0,0.0
113,0.0,50.0,0.0,5.21,0.0,0.0,0.0,0.0,0.0,0.0,0.0,0.0,50.0,0.0,0.0,0.0,0.0,0.0,0.0,1.27,0.0,0.0,0.0,0.0,0.0,0.0,0.0,4.53,5.76,0.0,6.76,0.0,28.47,0.0,5.95,0.0,0.0,0.79,0.0,0.0,0.0,13.54,17.98,0.0,0.0,0.0,0.0,26.32,0.0,12.56,0.0,0.0,0.0,5.03,0.0,29.02,0.0,0.0,21.15,0.0,1.0,0.0,0.0,0.0,1.0,0.0,0.0,1.0,0.0,0.0,0.0,0.0,1.0,0.0,1.0,0.0,0.0,1.0,0.0,0.0,0.0,1.0,0.0,1.0,0.0,0.0,0.0,0.0,0.0,1.0,0.0,0.0,1.0,0.0,0.0,0.0,0.0,0.0,1.0,1.0,0.0,0.0,1.0,0.0,0.0,0.0,0.0,1.0,0.0,1.0,0.0,0.0
114,0.0,50.0,0.0,0.0,0.0,5.21,0.0,0.0,0.0,0.0,0.0,0.0,50.0,0.0,0.0,0.0,0.0,0.0,0.0,1.27,0.0,0.0,0.0,0.0,0.0,0.0,4.53,0.0,0.0,5.76,6.76,0.0,28.47,0.0,5.95,0.0,0.0,0.0,0.79,0.0,13.54,0.0,0.0,17.98,0.0,0.0,0.0,0.0,26.32,12.56,0.0,0.0,5.03,0.0,0.0,0.0,29.02,0.0,21.15,1.0,0.0,0.0,0.0,0.0,0.0,1.0,0.0,0.0,1.0,0.0,0.0,1.0,0.0,1.0,0.0,0.0,0.0,1.0,0.0,1.0,0.0,0.0,0.0,1.0,0.0,0.0,0.0,0.0,1.0,0.0,0.0,0.0,1.0,0.0,0.0,0.0,0.0,0.0,1.0,0.0,1.0,0.0,1.0,0.0,0.0,0.0,0.0,0.0,1.0,0.0,1.0,0.0
115,50.0,0.0,0.0,0.0,5.21,0.0,0.0,0.0,0.0,0.0,0.0,50.0,0.0,1.27,0.0,0.0,0.0,0.0,0.0,0.0,0.0,0.0,0.0,0.0,0.0,0.0,4.53,0.0,5.76,0.0,6.76,0.0,28.47,0.0,5.95,0.0,0.0,0.79,0.0,0.0,0.0,13.54,0.0,17.98,0.0,0.0,0.0,26.32,0.0,0.0,12.56,0.0,0.0,5.03,0.0,29.02,0.0,0.0,21.15,0.0,0.0,1.0,0.0,0.0,1.0,0.0,0.0,1.0,0.0,0.0,0.0,0.0,1.0,0.0,1.0,0.0,0.0,1.0,0.0,1.0,0.0,0.0,0.0,1.0,0.0,0.0,0.0,0.0,0.0,1.0,0.0,0.0,1.0,0.0,0.0,0.0,0.0,1.0,0.0,1.0,0.0,0.0,1.0,0.0,0.0,0.0,0.0,1.0,0.0,1.0,0.0,0.0
116,0.0,50.0,0.0,0.0,0.0,0.0,5.21,0.0,0.0,0.0,0.0,0.0,50.0,1.27,0.0,0.0,0.0,0.0,0.0,0.0,0.0,0.0,0.0,0.0,0.0,0.0,4.53,0.0,5.76,0.0,6.76,0.0,28.47,0.0,0.0,5.95,0.0,0.79,0.0,0.0,0.0,13.54,17.98,0.0,0.0,0.0,26.32,0.0,0.0,0.0,12.56,0.0,0.0,5.03,0.0,29.02,0.0,21.15,0.0,1.0,0.0,0.0,0.0,0.0,1.0,0.0,0.0,0.0,0.0,1.0,1.0,0.0,0.0,1.0,0.0,0.0,0.0,1.0,0.0,0.0,1.0,0.0,0.0,1.0,0.0,0.0,0.0,0.0,0.0,1.0,0.0,1.0,0.0,0.0,0.0,0.0,1.0,0.0,0.0,1.0,0.0,0.0,1.0,0.0,0.0,0.0,0.0,1.0,0.0,0.0,0.0,1.0
117,0.0,50.0,0.0,5.21,0.0,0.0,0.0,0.0,0.0,0.0,0.0,0.0,50.0,0.0,0.0,0.0,0.0,0.0,0.0,0.0,1.27,0.0,0.0,0.0,0.0,0.0,0.0,4.53,0.0,5.76,0.0,6.76,28.47,0.0,0.0,5.95,0.0,0.79,0.0,0.0,0.0,13.54,0.0,17.98,0.0,0.0,0.0,26.32,0.0,12.56,0.0,0.0,0.0,5.03,0.0,29.02,0.0,21.15,0.0,1.0,0.0,0.0,0.0,0.0,1.0,0.0,0.0,1.0,0.0,0.0,0.0,1.0,0.0,0.0,1.0,0.0,1.0,0.0,0.0,1.0,0.0,0.0,0.0,1.0,0.0,0.0,0.0,1.0,0.0,0.0,1.0,0.0,0.0,0.0,0.0,1.0,0.0,0.0,0.0,0.0,1.0,0.0,1.0,0.0,0.0,0.0,0.0,1.0,0.0,1.0,0.0,0.0
118,0.0,50.0,0.0,0.0,0.0,0.0,5.21,0.0,0.0,0.0,0.0,0.0,50.0,0.0,0.0,0.0,0.0,0.0,0.0,0.0,1.27,0.0,0.0,0.0,0.0,0.0,0.0,4.53,0.0,5.76,0.0,6.76,0.0,28.47,0.0,5.95,0.0,0.0,0.79,0.0,0.0,13.54,0.0,17.98,0.0,0.0,0.0,26.32,0.0,0.0,12.56,0.0,5.03,0.0,29.02,0.0,0.0,0.0,21.15,0.0,0.0,1.0,0.0,0.0,1.0,0.0,0.0,0.0,0.0,1.0,0.0,1.0,0.0,0.0,1.0,0.0,1.0,0.0,0.0,1.0,0.0,0.0,0.0,1.0,0.0,0.0,0.0,1.0,0.0,0.0,1.0,0.0,0.0,0.0,0.0,0.0,0.0,1.0,0.0,0.0,0.0,1.0,1.0,0.0,0.0,0.0,1.0,0.0,0.0,1.0,0.0,0.0
119,0.0,50.0,0.0,0.0,5.21,0.0,0.0,0.0,0.0,0.0,0.0,50.0,0.0,0.0,0.0,0.0,0.0,0.0,0.0,1.27,0.0,0.0,0.0,0.0,0.0,0.0,4.53,0.0,5.76,0.0,6.76,0.0,28.47,0.0,5.95,0.0,0.0,0.79,0.0,0.0,0.0,13.54,0.0,17.98,0.0,0.0,0.0,26.32,0.0,12.56,0.0,0.0,0.0,5.03,0.0,29.02,0.0,0.0,21.15,1.0,0.0,0.0,0.0,0.0,1.0,0.0,0.0,0.0,0.0,1.0,1.0,0.0,0.0,1.0,0.0,0.0,0.0,1.0,0.0,1.0,0.0,0.0,0.0,1.0,0.0,0.0,0.0,0.0,0.0,1.0,0.0,0.0,1.0,0.0,0.0,0.0,0.0,1.0,0.0,1.0,0.0,0.0,1.0,0.0,0.0,0.0,0.0,1.0,0.0,0.0,1.0,0.0
120,0.0,50.0,0.0,0.0,0.0,5.21,0.0,0.0,0.0,0.0,0.0,0.0,50.0,0.0,0.0,0.0,0.0,0.0,0.0,0.0,0.0,0.0,0.0,0.0,1.27,0.0,4.53,0.0,5.76,0.0,6.76,0.0,28.47,0.0,0.0,5.95,0.0,0.79,0.0,0.0,13.54,0.0,17.98,0.0,0.0,0.0,0.0,26.32,0.0,0.0,12.56,5.03,0.0,0.0,0.0,0.0,29.02,0.0,21.15,1.0,0.0,0.0,0.0,0.0,1.0,0.0,0.0,1.0,0.0,0.0,1.0,0.0,0.0,1.0,0.0,0.0,0.0,1.0,0.0,1.0,0.0,0.0,0.0,1.0,0.0,0.0,0.0,1.0,0.0,0.0,0.0,1.0,0.0,0.0,0.0,0.0,0.0,1.0,0.0,1.0,0.0,0.0,1.0,0.0,0.0,0.0,0.0,0.0,1.0,1.0,0.0,0.0
121,0.0,50.0,0.0,0.0,0.0,0.0,0.0,5.21,0.0,0.0,0.0,0.0,50.0,0.0,1.27,0.0,0.0,0.0,0.0,0.0,0.0,0.0,0.0,0.0,0.0,0.0,4.53,0.0,5.76,0.0,6.76,0.0,28.47,0.0,5.95,0.0,0.0,0.79,0.0,0.0,13.54,0.0,17.98,0.0,0.0,0.0,0.0,26.32,0.0,12.56,0.0,0.0,0.0,5.03,0.0,29.02,0.0,0.0,21.15,0.0,0.0,0.0,1.0,0.0,1.0,0.0,0.0,1.0,0.0,0.0,1.0,0.0,0.0,1.0,0.0,0.0,0.0,1.0,0.0,1.0,0.0,0.0,0.0,1.0,0.0,0.0,0.0,1.0,0.0,0.0,0.0,1.0,0.0,0.0,0.0,0.0,0.0,1.0,0.0,1.0,0.0,0.0,0.0,1.0,0.0,0.0,0.0,1.0,0.0,0.0,1.0,0.0
122,0.0,50.0,0.0,5.21,0.0,0.0,0.0,0.0,0.0,0.0,0.0,0.0,50.0,0.0,0.0,1.27,0.0,0.0,0.0,0.0,0.0,0.0,0.0,0.0,0.0,0.0,0.0,4.53,0.0,5.76,0.0,6.76,28.47,0.0,0.0,0.0,5.95,0.0,0.79,0.0,0.0,13.54,0.0,17.98,0.0,0.0,0.0,0.0,26.32,12.56,0.0,5.03,0.0,0.0,0.0,29.02,0.0,0.0,21.15,0.0,1.0,0.0,0.0,0.0,1.0,0.0,0.0,1.0,0.0,0.0,1.0,0.0,0.0,0.0,1.0,0.0,1.0,0.0,0.0,1.0,0.0,0.0,0.0,1.0,0.0,0.0,0.0,0.0,0.0,1.0,1.0,0.0,0.0,0.0,0.0,0.0,0.0,0.0,1.0,0.0,1.0,0.0,1.0,0.0,0.0,0.0,0.0,1.0,0.0,1.0,0.0,0.0
123,0.0,50.0,0.0,0.0,5.21,0.0,0.0,0.0,0.0,0.0,0.0,0.0,50.0,0.0,0.0,1.27,0.0,0.0,0.0,0.0,0.0,0.0,0.0,0.0,0.0,0.0,4.53,0.0,0.0,5.76,6.76,0.0,28.47,0.0,0.0,5.95,0.0,0.79,0.0,0.0,0.0,13.54,0.0,17.98,0.0,0.0,0.0,0.0,26.32,12.56,0.0,5.03,0.0,0.0,29.02,0.0,0.0,21.15,0.0,1.0,0.0,0.0,0.0,0.0,1.0,0.0,0.0,1.0,0.0,0.0,1.0,0.0,0.0,1.0,0.0,0.0,0.0,1.0,0.0,1.0,0.0,0.0,0.0,1.0,0.0,0.0,0.0,0.0,0.0,1.0,0.0,0.0,1.0,0.0,0.0,0.0,0.0,0.0,1.0,0.0,1.0,0.0,1.0,0.0,0.0,0.0,1.0,0.0,0.0,1.0,0.0,0.0
124,0.0,50.0,0.0,0.0,0.0,5.21,0.0,0.0,0.0,0.0,0.0,50.0,0.0,0.0,0.0,0.0,0.0,0.0,0.0,0.0,0.0,0.0,0.0,0.0,0.0,1.27,0.0,4.53,5.76,0.0,0.0,6.76,28.47,0.0,5.95,0.0,0.0,0.79,0.0,0.0,13.54,0.0,0.0,17.98,0.0,0.0,0.0,26.32,0.0,12.56,0.0,0.0,0.0,5.03,0.0,29.02,0.0,0.0,21.15,0.0,0.0,1.0,0.0,0.0,1.0,0.0,0.0,1.0,0.0,0.0,1.0,0.0,0.0,0.0,1.0,0.0,0.0,1.0,0.0,1.0,0.0,0.0,0.0,1.0,0.0,0.0,0.0,1.0,0.0,0.0,0.0,0.0,1.0,0.0,0.0,0.0,0.0,1.0,0.0,0.0,1.0,0.0,0.0,1.0,0.0,0.0,0.0,1.0,0.0,0.0,1.0,0.0
125,0.0,50.0,0.0,5.21,0.0,0.0,0.0,0.0,0.0,0.0,0.0,0.0,50.0,0.0,0.0,0.0,0.0,0.0,0.0,0.0,1.27,0.0,0.0,0.0,0.0,0.0,4.53,0.0,0.0,5.76,6.76,0.0,28.47,0.0,0.0,5.95,0.0,0.0,0.79,0.0,0.0,13.54,0.0,17.98,0.0,0.0,0.0,26.32,0.0,12.56,0.0,0.0,5.03,0.0,29.02,0.0,0.0,0.0,21.15,1.0,0.0,0.0,0.0,0.0,1.0,0.0,0.0,1.0,0.0,0.0,1.0,0.0,0.0,1.0,0.0,0.0,0.0,1.0,0.0,0.0,0.0,1.0,0.0,1.0,0.0,0.0,0.0,0.0,0.0,1.0,0.0,0.0,1.0,0.0,0.0,0.0,0.0,1.0,0.0,1.0,0.0,0.0,1.0,0.0,0.0,0.0,1.0,0.0,0.0,1.0,0.0,0.0
126,0.0,50.0,0.0,0.0,5.21,0.0,0.0,0.0,0.0,0.0,0.0,50.0,0.0,0.0,0.0,0.0,0.0,0.0,1.27,0.0,0.0,0.0,0.0,0.0,0.0,0.0,4.53,0.0,0.0,5.76,0.0,6.76,28.47,0.0,0.0,5.95,0.0,0.79,0.0,0.0,0.0,13.54,0.0,0.0,17.98,0.0,0.0,0.0,26.32,12.56,0.0,0.0,0.0,5.03,0.0,29.02,0.0,0.0,21.15,0.0,0.0,1.0,0.0,0.0,1.0,0.0,0.0,0.0,0.0,1.0,0.0,0.0,1.0,0.0,1.0,0.0,0.0,1.0,0.0,1.0,0.0,0.0,0.0,1.0,0.0,0.0,0.0,0.0,0.0,1.0,1.0,0.0,0.0,0.0,0.0,0.0,0.0,0.0,1.0,1.0,0.0,0.0,1.0,0.0,0.0,0.0,0.0,1.0,0.0,0.0,1.0,0.0
127,0.0,50.0,0.0,0.0,0.0,5.21,0.0,0.0,0.0,0.0,0.0,0.0,50.0,0.0,0.0,0.0,0.0,0.0,1.27,0.0,0.0,0.0,0.0,0.0,0.0,0.0,0.0,4.53,5.76,0.0,6.76,0.0,28.47,0.0,5.95,0.0,0.0,0.0,0.79,0.0,13.54,0.0,0.0,17.98,0.0,0.0,0.0,26.32,0.0,12.56,0.0,5.03,0.0,0.0,0.0,29.02,0.0,21.15,0.0,1.0,0.0,0.0,0.0,0.0,1.0,0.0,0.0,1.0,0.0,0.0,1.0,0.0,0.0,0.0,0.0,1.0,1.0,0.0,0.0,1.0,0.0,0.0,0.0,1.0,0.0,0.0,0.0,1.0,0.0,0.0,1.0,0.0,0.0,0.0,0.0,0.0,0.0,0.0,1.0,0.0,1.0,0.0,1.0,0.0,0.0,1.0,0.0,0.0,0.0,1.0,0.0,0.0
128,0.0,50.0,0.0,5.21,0.0,0.0,0.0,0.0,0.0,0.0,0.0,0.0,50.0,0.0,0.0,0.0,0.0,0.0,0.0,0.0,0.0,0.0,0.0,0.0,1.27,0.0,4.53,0.0,0.0,5.76,6.76,0.0,28.47,0.0,0.0,5.95,0.0,0.79,0.0,0.0,0.0,13.54,17.98,0.0,0.0,0.0,0.0,26.32,0.0,0.0,12.56,5.03,0.0,0.0,0.0,0.0,29.02,21.15,0.0,1.0,0.0,0.0,0.0,0.0,0.0,1.0,0.0,1.0,0.0,0.0,0.0,1.0,0.0,0.0,1.0,0.0,0.0,1.0,0.0,0.0,0.0,1.0,0.0,1.0,0.0,0.0,0.0,1.0,0.0,0.0,0.0,1.0,0.0,0.0,0.0,0.0,0.0,1.0,0.0,1.0,0.0,0.0,1.0,0.0,0.0,0.0,0.0,0.0,1.0,0.0,0.0,1.0
129,50.0,0.0,0.0,5.21,0.0,0.0,0.0,0.0,0.0,0.0,0.0,50.0,0.0,0.0,0.0,1.27,0.0,0.0,0.0,0.0,0.0,0.0,0.0,0.0,0.0,0.0,0.0,4.53,5.76,0.0,6.76,0.0,28.47,0.0,5.95,0.0,0.0,0.0,0.0,0.79,13.54,0.0,0.0,17.98,0.0,0.0,0.0,26.32,0.0,12.56,0.0,0.0,0.0,5.03,0.0,29.02,0.0,21.15,0.0,1.0,0.0,0.0,0.0,0.0,1.0,0.0,0.0,1.0,0.0,0.0,0.0,0.0,1.0,0.0,1.0,0.0,0.0,1.0,0.0,0.0,0.0,1.0,0.0,1.0,0.0,0.0,0.0,1.0,0.0,0.0,0.0,0.0,1.0,0.0,0.0,0.0,0.0,1.0,0.0,1.0,0.0,0.0,1.0,0.0,0.0,0.0,0.0,1.0,0.0,0.0,0.0,1.0
130,0.0,50.0,0.0,5.21,0.0,0.0,0.0,0.0,0.0,0.0,0.0,0.0,50.0,0.0,0.0,0.0,0.0,0.0,0.0,0.0,0.0,0.0,0.0,0.0,1.27,0.0,4.53,0.0,0.0,5.76,0.0,6.76,28.47,0.0,5.95,0.0,0.0,0.0,0.79,0.0,13.54,0.0,0.0,17.98,0.0,0.0,0.0,0.0,26.32,12.56,0.0,0.0,5.03,0.0,0.0,0.0,29.02,21.15,0.0,1.0,0.0,0.0,0.0,0.0,0.0,1.0,0.0,1.0,0.0,0.0,0.0,1.0,0.0,1.0,0.0,0.0,0.0,1.0,0.0,0.0,1.0,0.0,0.0,1.0,0.0,0.0,0.0,0.0,1.0,0.0,1.0,0.0,0.0,0.0,0.0,1.0,0.0,0.0,0.0,0.0,1.0,0.0,1.0,0.0,0.0,0.0,0.0,0.0,1.0,1.0,0.0,0.0
131,0.0,50.0,0.0,0.0,5.21,0.0,0.0,0.0,0.0,0.0,0.0,0.0,50.0,0.0,0.0,0.0,0.0,0.0,0.0,0.0,0.0,0.0,0.0,0.0,1.27,0.0,0.0,4.53,5.76,0.0,0.0,6.76,28.47,0.0,5.95,0.0,0.0,0.79,0.0,0.0,0.0,13.54,0.0,17.98,0.0,0.0,0.0,26.32,0.0,0.0,12.56,5.03,0.0,0.0,29.02,0.0,0.0,0.0,21.15,0.0,0.0,1.0,0.0,0.0,1.0,0.0,0.0,1.0,0.0,0.0,0.0,0.0,1.0,0.0,1.0,0.0,0.0,1.0,0.0,0.0,1.0,0.0,0.0,1.0,0.0,0.0,0.0,0.0,0.0,1.0,0.0,0.0,1.0,0.0,0.0,0.0,0.0,1.0,0.0,0.0,0.0,1.0,1.0,0.0,0.0,0.0,1.0,0.0,0.0,1.0,0.0,0.0
132,0.0,50.0,0.0,0.0,0.0,5.21,0.0,0.0,0.0,0.0,0.0,50.0,0.0,0.0,0.0,0.0,0.0,0.0,1.27,0.0,0.0,0.0,0.0,0.0,0.0,0.0,0.0,4.53,5.76,0.0,6.76,0.0,28.47,0.0,5.95,0.0,0.0,0.79,0.0,0.0,0.0,13.54,0.0,17.98,0.0,0.0,0.0,26.32,0.0,12.56,0.0,0.0,0.0,5.03,0.0,29.02,0.0,21.15,0.0,1.0,0.0,0.0,0.0,0.0,0.0,0.0,1.0,1.0,0.0,0.0,0.0,0.0,1.0,1.0,0.0,0.0,0.0,1.0,0.0,0.0,1.0,0.0,0.0,1.0,0.0,0.0,0.0,0.0,0.0,1.0,0.0,0.0,1.0,0.0,0.0,1.0,0.0,0.0,0.0,0.0,1.0,0.0,1.0,0.0,0.0,0.0,0.0,1.0,0.0,0.0,0.0,1.0
133,0.0,50.0,0.0,0.0,5.21,0.0,0.0,0.0,0.0,0.0,0.0,0.0,50.0,0.0,0.0,0.0,0.0,0.0,0.0,0.0,1.27,0.0,0.0,0.0,0.0,0.0,4.53,0.0,5.76,0.0,0.0,6.76,28.47,0.0,0.0,5.95,0.0,0.79,0.0,0.0,0.0,13.54,0.0,0.0,17.98,0.0,0.0,0.0,26.32,12.56,0.0,5.03,0.0,0.0,29.02,0.0,0.0,0.0,21.15,1.0,0.0,0.0,0.0,0.0,0.0,1.0,0.0,1.0,0.0,0.0,1.0,0.0,0.0,1.0,0.0,0.0,0.0,1.0,0.0,1.0,0.0,0.0,0.0,1.0,0.0,0.0,0.0,0.0,0.0,1.0,0.0,0.0,0.0,1.0,0.0,0.0,0.0,0.0,1.0,1.0,0.0,0.0,1.0,0.0,0.0,0.0,1.0,0.0,0.0,1.0,0.0,0.0
134,50.0,0.0,0.0,0.0,0.0,0.0,0.0,5.21,0.0,0.0,0.0,50.0,0.0,0.0,0.0,1.27,0.0,0.0,0.0,0.0,0.0,0.0,0.0,0.0,0.0,0.0,4.53,0.0,5.76,0.0,6.76,0.0,28.47,0.0,5.95,0.0,0.0,0.79,0.0,0.0,0.0,13.54,17.98,0.0,0.0,0.0,26.32,0.0,0.0,0.0,12.56,0.0,0.0,5.03,0.0,29.02,0.0,21.15,0.0,1.0,0.0,0.0,0.0,0.0,1.0,0.0,0.0,0.0,1.0,0.0,1.0,0.0,0.0,1.0,0.0,0.0,0.0,1.0,0.0,0.0,1.0,0.0,0.0,1.0,0.0,0.0,0.0,0.0,0.0,1.0,0.0,1.0,0.0,0.0,0.0,0.0,1.0,0.0,0.0,0.0,0.0,1.0,0.0,1.0,0.0,0.0,0.0,1.0,0.0,0.0,0.0,1.0
135,0.0,50.0,0.0,0.0,5.21,0.0,0.0,0.0,0.0,0.0,0.0,50.0,0.0,1.27,0.0,0.0,0.0,0.0,0.0,0.0,0.0,0.0,0.0,0.0,0.0,0.0,4.53,0.0,0.0,5.76,6.76,0.0,28.47,0.0,0.0,5.95,0.0,0.79,0.0,0.0,13.54,0.0,0.0,0.0,17.98,0.0,0.0,0.0,26.32,12.56,0.0,0.0,0.0,5.03,0.0,0.0,29.02,0.0,21.15,0.0,1.0,0.0,0.0,0.0,1.0,0.0,0.0,1.0,0.0,0.0,0.0,1.0,0.0,1.0,0.0,0.0,0.0,1.0,0.0,1.0,0.0,0.0,0.0,1.0,0.0,0.0,0.0,0.0,1.0,0.0,0.0,0.0,0.0,1.0,0.0,0.0,0.0,0.0,1.0,1.0,0.0,0.0,1.0,0.0,0.0,1.0,0.0,0.0,0.0,0.0,1.0,0.0
136,0.0,50.0,0.0,0.0,5.21,0.0,0.0,0.0,0.0,0.0,0.0,50.0,0.0,0.0,0.0,0.0,0.0,0.0,0.0,0.0,0.0,0.0,1.27,0.0,0.0,0.0,0.0,4.53,5.76,0.0,6.76,0.0,28.47,0.0,5.95,0.0,0.0,0.0,0.0,0.79,0.0,13.54,0.0,17.98,0.0,0.0,0.0,26.32,0.0,12.56,0.0,0.0,5.03,0.0,29.02,0.0,0.0,21.15,0.0,1.0,0.0,0.0,0.0,0.0,1.0,0.0,0.0,0.0,0.0,1.0,1.0,0.0,0.0,1.0,0.0,0.0,0.0,1.0,0.0,1.0,0.0,0.0,0.0,1.0,0.0,0.0,0.0,0.0,0.0,1.0,1.0,0.0,0.0,0.0,0.0,0.0,0.0,1.0,0.0,1.0,0.0,0.0,0.0,0.0,1.0,0.0,1.0,0.0,0.0,0.0,0.0,1.0
137,50.0,0.0,0.0,5.21,0.0,0.0,0.0,0.0,0.0,0.0,0.0,50.0,0.0,0.0,0.0,0.0,0.0,0.0,0.0,0.0,0.0,1.27,0.0,0.0,0.0,0.0,0.0,4.53,5.76,0.0,0.0,6.76,28.47,0.0,5.95,0.0,0.0,0.79,0.0,0.0,0.0,13.54,0.0,17.98,0.0,0.0,0.0,26.32,0.0,0.0,12.56,0.0,5.03,0.0,0.0,29.02,0.0,21.15,0.0,0.0,1.0,0.0,0.0,0.0,1.0,0.0,0.0,1.0,0.0,0.0,1.0,0.0,0.0,1.0,0.0,0.0,0.0,1.0,0.0,1.0,0.0,0.0,0.0,1.0,0.0,0.0,0.0,0.0,0.0,1.0,1.0,0.0,0.0,0.0,0.0,0.0,0.0,1.0,0.0,0.0,0.0,1.0,0.0,0.0,1.0,0.0,0.0,1.0,0.0,0.0,0.0,1.0
138,0.0,50.0,0.0,0.0,5.21,0.0,0.0,0.0,0.0,0.0,0.0,0.0,50.0,0.0,0.0,0.0,0.0,0.0,0.0,0.0,1.27,0.0,0.0,0.0,0.0,0.0,4.53,0.0,0.0,5.76,0.0,6.76,28.47,0.0,5.95,0.0,0.0,0.79,0.0,0.0,0.0,13.54,0.0,0.0,17.98,0.0,0.0,0.0,26.32,12.56,0.0,0.0,0.0,5.03,0.0,0.0,29.02,0.0,21.15,1.0,0.0,0.0,0.0,0.0,1.0,0.0,0.0,1.0,0.0,0.0,1.0,0.0,0.0,1.0,0.0,0.0,0.0,1.0,0.0,1.0,0.0,0.0,0.0,1.0,0.0,0.0,0.0,0.0,0.0,1.0,0.0,0.0,0.0,1.0,0.0,0.0,0.0,0.0,1.0,1.0,0.0,0.0,1.0,0.0,0.0,0.0,0.0,0.0,1.0,1.0,0.0,0.0
139,50.0,0.0,0.0,0.0,5.21,0.0,0.0,0.0,0.0,0.0,0.0,50.0,0.0,0.0,0.0,0.0,0.0,0.0,0.0,0.0,0.0,1.27,0.0,0.0,0.0,0.0,4.53,0.0,5.76,0.0,6.76,0.0,28.47,0.0,0.0,5.95,0.0,0.79,0.0,0.0,0.0,13.54,0.0,17.98,0.0,0.0,0.0,26.32,0.0,12.56,0.0,0.0,0.0,5.03,29.02,0.0,0.0,0.0,21.15,1.0,0.0,0.0,0.0,0.0,1.0,0.0,0.0,0.0,1.0,0.0,1.0,0.0,0.0,1.0,0.0,0.0,0.0,1.0,0.0,1.0,0.0,0.0,0.0,1.0,0.0,0.0,0.0,0.0,0.0,1.0,0.0,0.0,1.0,0.0,0.0,0.0,0.0,1.0,0.0,1.0,0.0,0.0,0.0,1.0,0.0,1.0,0.0,0.0,0.0,1.0,0.0,0.0
140,50.0,0.0,0.0,0.0,0.0,5.21,0.0,0.0,0.0,0.0,0.0,50.0,0.0,0.0,1.27,0.0,0.0,0.0,0.0,0.0,0.0,0.0,0.0,0.0,0.0,0.0,4.53,0.0,0.0,5.76,0.0,6.76,28.47,0.0,0.0,0.0,5.95,0.79,0.0,0.0,0.0,13.54,0.0,17.98,0.0,0.0,0.0,0.0,26.32,12.56,0.0,5.03,0.0,0.0,0.0,29.02,0.0,21.15,0.0,1.0,0.0,0.0,0.0,0.0,1.0,0.0,0.0,1.0,0.0,0.0,0.0,1.0,0.0,1.0,0.0,0.0,1.0,0.0,0.0,1.0,0.0,0.0,0.0,1.0,0.0,0.0,0.0,1.0,0.0,0.0,0.0,0.0,1.0,0.0,0.0,0.0,0.0,0.0,1.0,1.0,0.0,0.0,1.0,0.0,0.0,0.0,0.0,1.0,0.0,1.0,0.0,0.0
141,50.0,0.0,0.0,0.0,5.21,0.0,0.0,0.0,0.0,0.0,0.0,50.0,0.0,0.0,0.0,1.27,0.0,0.0,0.0,0.0,0.0,0.0,0.0,0.0,0.0,0.0,4.53,0.0,5.76,0.0,6.76,0.0,28.47,0.0,5.95,0.0,0.0,0.79,0.0,0.0,0.0,13.54,0.0,17.98,0.0,0.0,0.0,26.32,0.0,12.56,0.0,0.0,5.03,0.0,0.0,0.0,29.02,0.0,21.15,1.0,0.0,0.0,0.0,0.0,1.0,0.0,0.0,1.0,0.0,0.0,1.0,0.0,0.0,1.0,0.0,0.0,0.0,1.0,0.0,0.0,1.0,0.0,0.0,1.0,0.0,0.0,0.0,1.0,0.0,0.0,1.0,0.0,0.0,0.0,0.0,0.0,0.0,1.0,0.0,0.0,1.0,0.0,1.0,0.0,0.0,1.0,0.0,0.0,0.0,1.0,0.0,0.0
142,0.0,50.0,0.0,5.21,0.0,0.0,0.0,0.0,0.0,0.0,0.0,50.0,0.0,0.0,0.0,0.0,0.0,0.0,0.0,0.0,0.0,0.0,1.27,0.0,0.0,0.0,0.0,4.53,5.76,0.0,6.76,0.0,28.47,0.0,0.0,5.95,0.0,0.79,0.0,0.0,0.0,13.54,0.0,17.98,0.0,0.0,0.0,0.0,26.32,12.56,0.0,0.0,0.0,5.03,29.02,0.0,0.0,0.0,21.15,0.0,1.0,0.0,0.0,0.0,1.0,0.0,0.0,0.0,1.0,0.0,0.0,0.0,1.0,1.0,0.0,0.0,0.0,1.0,0.0,1.0,0.0,0.0,0.0,1.0,0.0,0.0,0.0,0.0,0.0,1.0,0.0,0.0,1.0,0.0,0.0,0.0,0.0,0.0,1.0,1.0,0.0,0.0,0.0,1.0,0.0,0.0,1.0,0.0,0.0,0.0,1.0,0.0
143,0.0,50.0,0.0,0.0,0.0,0.0,0.0,5.21,0.0,0.0,0.0,0.0,50.0,0.0,0.0,0.0,0.0,0.0,0.0,0.0,1.27,0.0,0.0,0.0,0.0,0.0,4.53,0.0,5.76,0.0,6.76,0.0,28.47,0.0,5.95,0.0,0.0,0.79,0.0,0.0,0.0,13.54,17.98,0.0,0.0,0.0,0.0,26.32,0.0,12.56,0.0,0.0,5.03,0.0,0.0,29.02,0.0,0.0,21.15,1.0,0.0,0.0,0.0,0.0,1.0,0.0,0.0,1.0,0.0,0.0,1.0,0.0,0.0,1.0,0.0,0.0,0.0,1.0,0.0,1.0,0.0,0.0,0.0,1.0,0.0,0.0,0.0,1.0,0.0,0.0,0.0,1.0,0.0,0.0,0.0,0.0,0.0,1.0,0.0,0.0,1.0,0.0,1.0,0.0,0.0,0.0,0.0,1.0,0.0,1.0,0.0,0.0
144,50.0,0.0,0.0,0.0,0.0,0.0,5.21,0.0,0.0,0.0,0.0,50.0,0.0,0.0,1.27,0.0,0.0,0.0,0.0,0.0,0.0,0.0,0.0,0.0,0.0,0.0,4.53,0.0,5.76,0.0,0.0,6.76,0.0,28.47,0.0,5.95,0.0,0.0,0.79,0.0,13.54,0.0,17.98,0.0,0.0,0.0,26.32,0.0,0.0,0.0,12.56,0.0,0.0,5.03,0.0,29.02,0.0,21.15,0.0,0.0,0.0,0.0,1.0,0.0,1.0,0.0,0.0,1.0,0.0,0.0,0.0,0.0,1.0,0.0,1.0,0.0,1.0,0.0,0.0,0.0,1.0,0.0,0.0,1.0,0.0,0.0,0.0,1.0,0.0,0.0,0.0,1.0,0.0,0.0,0.0,0.0,1.0,0.0,0.0,1.0,0.0,0.0,1.0,0.0,0.0,0.0,0.0,1.0,0.0,0.0,0.0,1.0
145,0.0,50.0,0.0,0.0,0.0,0.0,0.0,5.21,0.0,0.0,0.0,0.0,50.0,0.0,0.0,0.0,0.0,0.0,0.0,0.0,1.27,0.0,0.0,0.0,0.0,0.0,0.0,4.53,0.0,5.76,0.0,6.76,28.47,0.0,5.95,0.0,0.0,0.79,0.0,0.0,0.0,13.54,17.98,0.0,0.0,0.0,0.0,26.32,0.0,12.56,0.0,0.0,5.03,0.0,29.02,0.0,0.0,0.0,21.15,1.0,0.0,0.0,0.0,0.0,1.0,0.0,0.0,0.0,0.0,1.0,0.0,1.0,0.0,0.0,1.0,0.0,1.0,0.0,0.0,1.0,0.0,0.0,0.0,1.0,0.0,0.0,0.0,0.0,0.0,1.0,0.0,1.0,0.0,0.0,0.0,0.0,0.0,1.0,0.0,0.0,1.0,0.0,1.0,0.0,0.0,0.0,1.0,0.0,0.0,0.0,1.0,0.0
146,50.0,0.0,0.0,5.21,0.0,0.0,0.0,0.0,0.0,0.0,0.0,50.0,0.0,0.0,0.0,0.0,0.0,0.0,0.0,0.0,1.27,0.0,0.0,0.0,0.0,0.0,4.53,0.0,5.76,0.0,6.76,0.0,28.47,0.0,0.0,0.0,5.95,0.79,0.0,0.0,0.0,13.54,0.0,0.0,17.98,0.0,0.0,26.32,0.0,12.56,0.0,0.0,5.03,0.0,0.0,0.0,29.02,21.15,0.0,1.0,0.0,0.0,0.0,0.0,1.0,0.0,0.0,0.0,1.0,0.0,1.0,0.0,0.0,1.0,0.0,0.0,0.0,1.0,0.0,1.0,0.0,0.0,0.0,1.0,0.0,0.0,0.0,0.0,0.0,1.0,1.0,0.0,0.0,0.0,0.0,1.0,0.0,0.0,0.0,0.0,1.0,0.0,1.0,0.0,0.0,0.0,0.0,1.0,0.0,1.0,0.0,0.0
147,0.0,50.0,0.0,0.0,5.21,0.0,0.0,0.0,0.0,0.0,0.0,50.0,0.0,0.0,0.0,0.0,1.27,0.0,0.0,0.0,0.0,0.0,0.0,0.0,0.0,0.0,0.0,4.53,5.76,0.0,0.0,6.76,28.47,0.0,5.95,0.0,0.0,0.0,0.79,0.0,13.54,0.0,17.98,0.0,0.0,0.0,0.0,26.32,0.0,12.56,0.0,0.0,0.0,5.03,29.02,0.0,0.0,21.15,0.0,1.0,0.0,0.0,0.0,0.0,1.0,0.0,0.0,1.0,0.0,0.0,0.0,0.0,1.0,0.0,1.0,0.0,0.0,1.0,0.0,0.0,1.0,0.0,0.0,1.0,0.0,0.0,0.0,1.0,0.0,0.0,0.0,1.0,0.0,0.0,0.0,0.0,0.0,1.0,0.0,1.0,0.0,0.0,1.0,0.0,0.0,0.0,1.0,0.0,0.0,1.0,0.0,0.0
148,0.0,50.0,0.0,5.21,0.0,0.0,0.0,0.0,0.0,0.0,0.0,0.0,50.0,0.0,0.0,0.0,0.0,0.0,1.27,0.0,0.0,0.0,0.0,0.0,0.0,0.0,4.53,0.0,5.76,0.0,0.0,6.76,28.47,0.0,0.0,0.0,5.95,0.79,0.0,0.0,0.0,13.54,0.0,0.0,17.98,0.0,0.0,26.32,0.0,12.56,0.0,5.03,0.0,0.0,0.0,0.0,29.02,0.0,21.15,1.0,0.0,0.0,0.0,0.0,0.0,1.0,0.0,1.0,0.0,0.0,0.0,0.0,1.0,1.0,0.0,0.0,0.0,1.0,0.0,0.0,1.0,0.0,0.0,0.0,0.0,0.0,1.0,1.0,0.0,0.0,0.0,0.0,0.0,0.0,1.0,0.0,0.0,1.0,0.0,1.0,0.0,0.0,1.0,0.0,0.0,1.0,0.0,0.0,0.0,0.0,1.0,0.0
149,50.0,0.0,0.0,5.21,0.0,0.0,0.0,0.0,0.0,0.0,0.0,50.0,0.0,0.0,0.0,0.0,0.0,0.0,0.0,1.27,0.0,0.0,0.0,0.0,0.0,0.0,4.53,0.0,5.76,0.0,0.0,6.76,28.47,0.0,5.95,0.0,0.0,0.0,0.0,0.79,0.0,13.54,0.0,0.0,17.98,0.0,0.0,26.32,0.0,12.56,0.0,0.0,0.0,5.03,0.0,29.02,0.0,0.0,21.15,0.0,0.0,1.0,0.0,0.0,1.0,0.0,0.0,0.0,0.0,1.0,1.0,0.0,0.0,0.0,1.0,0.0,0.0,1.0,0.0,1.0,0.0,0.0,0.0,1.0,0.0,0.0,0.0,1.0,0.0,0.0,1.0,0.0,0.0,0.0,0.0,1.0,0.0,0.0,0.0,1.0,0.0,0.0,1.0,0.0,0.0,0.0,0.0,1.0,0.0,1.0,0.0,0.0
150,0.0,50.0,0.0,0.0,5.21,0.0,0.0,0.0,0.0,0.0,0.0,0.0,50.0,0.0,0.0,0.0,0.0,1.27,0.0,0.0,0.0,0.0,0.0,0.0,0.0,0.0,0.0,4.53,0.0,5.76,6.76,0.0,28.47,0.0,5.95,0.0,0.0,0.0,0.0,0.79,0.0,13.54,0.0,17.98,0.0,0.0,0.0,26.32,0.0,12.56,0.0,5.03,0.0,0.0,0.0,29.02,0.0,0.0,21.15,1.0,0.0,0.0,0.0,0.0,1.0,0.0,0.0,0.0,0.0,1.0,0.0,1.0,0.0,0.0,1.0,0.0,0.0,1.0,0.0,1.0,0.0,0.0,0.0,1.0,0.0,0.0,0.0,0.0,0.0,1.0,0.0,0.0,1.0,0.0,0.0,0.0,0.0,1.0,0.0,1.0,0.0,0.0,1.0,0.0,0.0,0.0,0.0,1.0,0.0,0.0,1.0,0.0
151,0.0,50.0,0.0,5.21,0.0,0.0,0.0,0.0,0.0,0.0,0.0,0.0,50.0,0.0,0.0,1.27,0.0,0.0,0.0,0.0,0.0,0.0,0.0,0.0,0.0,0.0,4.53,0.0,0.0,5.76,6.76,0.0,28.47,0.0,0.0,0.0,5.95,0.79,0.0,0.0,0.0,13.54,0.0,17.98,0.0,0.0,0.0,0.0,26.32,12.56,0.0,5.03,0.0,0.0,29.02,0.0,0.0,0.0,21.15,1.0,0.0,0.0,0.0,0.0,0.0,1.0,0.0,1.0,0.0,0.0,0.0,1.0,0.0,0.0,1.0,0.0,1.0,0.0,0.0,1.0,0.0,0.0,0.0,1.0,0.0,0.0,0.0,0.0,0.0,1.0,0.0,0.0,1.0,0.0,0.0,0.0,0.0,0.0,1.0,0.0,1.0,0.0,1.0,0.0,0.0,0.0,1.0,0.0,0.0,0.0,1.0,0.0
152,0.0,50.0,0.0,0.0,0.0,0.0,5.21,0.0,0.0,0.0,0.0,50.0,0.0,0.0,0.0,0.0,0.0,0.0,1.27,0.0,0.0,0.0,0.0,0.0,0.0,0.0,4.53,0.0,0.0,5.76,0.0,6.76,28.47,0.0,5.95,0.0,0.0,0.79,0.0,0.0,0.0,13.54,17.98,0.0,0.0,0.0,0.0,26.32,0.0,12.56,0.0,0.0,0.0,5.03,0.0,29.02,0.0,21.15,0.0,1.0,0.0,0.0,0.0,0.0,1.0,0.0,0.0,0.0,1.0,0.0,1.0,0.0,0.0,1.0,0.0,0.0,1.0,0.0,0.0,1.0,0.0,0.0,0.0,1.0,0.0,0.0,0.0,0.0,0.0,1.0,0.0,1.0,0.0,0.0,0.0,0.0,0.0,1.0,0.0,0.0,1.0,0.0,0.0,1.0,0.0,0.0,0.0,1.0,0.0,0.0,0.0,1.0
153,50.0,0.0,0.0,5.21,0.0,0.0,0.0,0.0,0.0,0.0,0.0,50.0,0.0,0.0,1.27,0.0,0.0,0.0,0.0,0.0,0.0,0.0,0.0,0.0,0.0,0.0,0.0,4.53,0.0,5.76,0.0,6.76,28.47,0.0,0.0,5.95,0.0,0.0,0.0,0.79,0.0,13.54,17.98,0.0,0.0,0.0,0.0,26.32,0.0,12.56,0.0,0.0,0.0,5.03,0.0,29.02,0.0,0.0,21.15,1.0,0.0,0.0,0.0,0.0,1.0,0.0,0.0,0.0,1.0,0.0,1.0,0.0,0.0,1.0,0.0,0.0,0.0,1.0,0.0,0.0,0.0,1.0,0.0,1.0,0.0,0.0,0.0,1.0,0.0,0.0,0.0,1.0,0.0,0.0,0.0,0.0,0.0,1.0,0.0,1.0,0.0,0.0,1.0,0.0,0.0,0.0,0.0,1.0,0.0,1.0,0.0,0.0
154,0.0,50.0,0.0,0.0,0.0,0.0,5.21,0.0,0.0,0.0,0.0,0.0,50.0,0.0,0.0,0.0,0.0,0.0,1.27,0.0,0.0,0.0,0.0,0.0,0.0,0.0,0.0,4.53,0.0,5.76,0.0,6.76,28.47,0.0,5.95,0.0,0.0,0.0,0.0,0.79,0.0,13.54,0.0,0.0,17.98,0.0,0.0,26.32,0.0,12.56,0.0,5.03,0.0,0.0,29.02,0.0,0.0,0.0,21.15,1.0,0.0,0.0,0.0,0.0,1.0,0.0,0.0,1.0,0.0,0.0,1.0,0.0,0.0,0.0,1.0,0.0,1.0,0.0,0.0,1.0,0.0,0.0,0.0,1.0,0.0,0.0,0.0,1.0,0.0,0.0,1.0,0.0,0.0,0.0,0.0,0.0,0.0,1.0,0.0,1.0,0.0,0.0,1.0,0.0,0.0,1.0,0.0,0.0,0.0,1.0,0.0,0.0
155,0.0,50.0,0.0,5.21,0.0,0.0,0.0,0.0,0.0,0.0,0.0,50.0,0.0,0.0,0.0,0.0,0.0,1.27,0.0,0.0,0.0,0.0,0.0,0.0,0.0,0.0,0.0,4.53,0.0,5.76,0.0,6.76,28.47,0.0,5.95,0.0,0.0,0.79,0.0,0.0,13.54,0.0,0.0,17.98,0.0,0.0,0.0,26.32,0.0,12.56,0.0,0.0,5.03,0.0,0.0,29.02,0.0,0.0,21.15,1.0,0.0,0.0,0.0,0.0,1.0,0.0,0.0,1.0,0.0,0.0,1.0,0.0,0.0,1.0,0.0,0.0,0.0,1.0,0.0,1.0,0.0,0.0,0.0,1.0,0.0,0.0,0.0,1.0,0.0,0.0,1.0,0.0,0.0,0.0,0.0,1.0,0.0,0.0,0.0,1.0,0.0,0.0,0.0,0.0,1.0,0.0,0.0,1.0,0.0,1.0,0.0,0.0
156,0.0,50.0,0.0,0.0,5.21,0.0,0.0,0.0,0.0,0.0,0.0,0.0,50.0,0.0,0.0,1.27,0.0,0.0,0.0,0.0,0.0,0.0,0.0,0.0,0.0,0.0,4.53,0.0,0.0,5.76,0.0,6.76,28.47,0.0,0.0,0.0,5.95,0.0,0.0,0.79,0.0,13.54,0.0,17.98,0.0,0.0,0.0,26.32,0.0,12.56,0.0,5.03,0.0,0.0,29.02,0.0,0.0,0.0,21.15,1.0,0.0,0.0,0.0,0.0,0.0,1.0,0.0,1.0,0.0,0.0,0.0,1.0,0.0,1.0,0.0,0.0,0.0,1.0,0.0,1.0,0.0,0.0,0.0,1.0,0.0,0.0,0.0,0.0,0.0,1.0,0.0,0.0,1.0,0.0,0.0,0.0,0.0,1.0,0.0,1.0,0.0,0.0,1.0,0.0,0.0,0.0,1.0,0.0,0.0,0.0,1.0,0.0
157,0.0,50.0,0.0,0.0,0.0,5.21,0.0,0.0,0.0,0.0,0.0,0.0,50.0,1.27,0.0,0.0,0.0,0.0,0.0,0.0,0.0,0.0,0.0,0.0,0.0,0.0,0.0,4.53,0.0,5.76,0.0,6.76,28.47,0.0,0.0,0.0,5.95,0.0,0.79,0.0,0.0,13.54,17.98,0.0,0.0,0.0,0.0,26.32,0.0,12.56,0.0,0.0,0.0,5.03,0.0,29.02,0.0,21.15,0.0,1.0,0.0,0.0,0.0,0.0,1.0,0.0,0.0,0.0,0.0,1.0,1.0,0.0,0.0,0.0,1.0,0.0,0.0,1.0,0.0,0.0,0.0,1.0,0.0,1.0,0.0,0.0,0.0,0.0,0.0,1.0,0.0,1.0,0.0,0.0,0.0,0.0,0.0,1.0,0.0,0.0,1.0,0.0,1.0,0.0,0.0,0.0,0.0,1.0,0.0,1.0,0.0,0.0
158,0.0,50.0,0.0,0.0,0.0,5.21,0.0,0.0,0.0,0.0,0.0,50.0,0.0,0.0,0.0,0.0,0.0,0.0,0.0,1.27,0.0,0.0,0.0,0.0,0.0,0.0,4.53,0.0,0.0,5.76,0.0,6.76,0.0,28.47,0.0,5.95,0.0,0.0,0.79,0.0,13.54,0.0,0.0,17.98,0.0,0.0,0.0,26.32,0.0,12.56,0.0,0.0,0.0,5.03,0.0,0.0,29.02,0.0,21.15,0.0,0.0,0.0,1.0,0.0,1.0,0.0,0.0,1.0,0.0,0.0,1.0,0.0,0.0,1.0,0.0,0.0,1.0,0.0,0.0,1.0,0.0,0.0,0.0,1.0,0.0,0.0,0.0,1.0,0.0,0.0,1.0,0.0,0.0,0.0,0.0,0.0,0.0,1.0,0.0,1.0,0.0,0.0,1.0,0.0,0.0,0.0,0.0,0.0,1.0,1.0,0.0,0.0
159,0.0,50.0,5.21,0.0,0.0,0.0,0.0,0.0,0.0,0.0,0.0,0.0,50.0,0.0,0.0,0.0,0.0,0.0,0.0,1.27,0.0,0.0,0.0,0.0,0.0,0.0,4.53,0.0,5.76,0.0,6.76,0.0,28.47,0.0,0.0,0.0,5.95,0.0,0.79,0.0,0.0,13.54,17.98,0.0,0.0,0.0,0.0,26.32,0.0,12.56,0.0,5.03,0.0,0.0,29.02,0.0,0.0,21.15,0.0,1.0,0.0,0.0,0.0,0.0,0.0,1.0,0.0,1.0,0.0,0.0,1.0,0.0,0.0,0.0,0.0,1.0,0.0,1.0,0.0,1.0,0.0,0.0,0.0,1.0,0.0,0.0,0.0,0.0,0.0,1.0,0.0,1.0,0.0,0.0,0.0,0.0,0.0,1.0,0.0,1.0,0.0,0.0,1.0,0.0,0.0,0.0,1.0,0.0,0.0,0.0,0.0,1.0
160,0.0,50.0,0.0,0.0,0.0,0.0,0.0,5.21,0.0,0.0,0.0,50.0,0.0,0.0,0.0,0.0,0.0,0.0,0.0,0.0,0.0,1.27,0.0,0.0,0.0,0.0,0.0,4.53,5.76,0.0,6.76,0.0,28.47,0.0,5.95,0.0,0.0,0.0,0.79,0.0,13.54,0.0,17.98,0.0,0.0,0.0,0.0,26.32,0.0,0.0,12.56,0.0,0.0,5.03,0.0,29.02,0.0,21.15,0.0,1.0,0.0,0.0,0.0,0.0,1.0,0.0,0.0,0.0,0.0,1.0,1.0,0.0,0.0,1.0,0.0,0.0,0.0,1.0,0.0,1.0,0.0,0.0,0.0,1.0,0.0,0.0,0.0,1.0,0.0,0.0,0.0,1.0,0.0,0.0,0.0,0.0,0.0,1.0,0.0,0.0,0.0,1.0,1.0,0.0,0.0,1.0,0.0,0.0,0.0,1.0,0.0,0.0
161,0.0,50.0,0.0,5.21,0.0,0.0,0.0,0.0,0.0,0.0,0.0,0.0,50.0,0.0,0.0,0.0,0.0,0.0,0.0,0.0,0.0,1.27,0.0,0.0,0.0,0.0,0.0,4.53,0.0,5.76,0.0,6.76,28.47,0.0,5.95,0.0,0.0,0.0,0.0,0.79,0.0,13.54,0.0,17.98,0.0,0.0,0.0,0.0,26.32,0.0,12.56,0.0,0.0,5.03,29.02,0.0,0.0,21.15,0.0,1.0,0.0,0.0,0.0,0.0,0.0,1.0,0.0,1.0,0.0,0.0,0.0,1.0,0.0,0.0,1.0,0.0,0.0,1.0,0.0,0.0,1.0,0.0,0.0,1.0,0.0,0.0,0.0,0.0,0.0,1.0,0.0,0.0,1.0,0.0,0.0,0.0,0.0,0.0,1.0,0.0,0.0,1.0,1.0,0.0,0.0,0.0,1.0,0.0,0.0,1.0,0.0,0.0
162,0.0,50.0,0.0,0.0,5.21,0.0,0.0,0.0,0.0,0.0,0.0,50.0,0.0,0.0,0.0,0.0,1.27,0.0,0.0,0.0,0.0,0.0,0.0,0.0,0.0,0.0,0.0,4.53,5.76,0.0,0.0,6.76,28.47,0.0,5.95,0.0,0.0,0.79,0.0,0.0,0.0,13.54,17.98,0.0,0.0,0.0,0.0,26.32,0.0,12.56,0.0,0.0,0.0,5.03,0.0,29.02,0.0,21.15,0.0,1.0,0.0,0.0,0.0,0.0,1.0,0.0,0.0,1.0,0.0,0.0,0.0,0.0,1.0,0.0,1.0,0.0,0.0,1.0,0.0,0.0,1.0,0.0,0.0,1.0,0.0,0.0,0.0,0.0,0.0,1.0,0.0,1.0,0.0,0.0,0.0,0.0,0.0,1.0,0.0,0.0,1.0,0.0,1.0,0.0,0.0,0.0,0.0,1.0,0.0,0.0,0.0,1.0
163,0.0,50.0,0.0,0.0,0.0,0.0,5.21,0.0,0.0,0.0,0.0,0.0,50.0,0.0,1.27,0.0,0.0,0.0,0.0,0.0,0.0,0.0,0.0,0.0,0.0,0.0,0.0,4.53,5.76,0.0,6.76,0.0,28.47,0.0,5.95,0.0,0.0,0.79,0.0,0.0,0.0,13.54,17.98,0.0,0.0,0.0,0.0,26.32,0.0,12.56,0.0,0.0,0.0,5.03,29.02,0.0,0.0,0.0,21.15,1.0,0.0,0.0,0.0,0.0,1.0,0.0,0.0,1.0,0.0,0.0,1.0,0.0,0.0,1.0,0.0,0.0,0.0,1.0,0.0,1.0,0.0,0.0,0.0,1.0,0.0,0.0,0.0,0.0,0.0,1.0,0.0,1.0,0.0,0.0,0.0,0.0,0.0,1.0,0.0,0.0,1.0,0.0,1.0,0.0,0.0,0.0,1.0,0.0,0.0,0.0,1.0,0.0
164,0.0,50.0,0.0,0.0,0.0,0.0,5.21,0.0,0.0,0.0,0.0,0.0,50.0,0.0,1.27,0.0,0.0,0.0,0.0,0.0,0.0,0.0,0.0,0.0,0.0,0.0,4.53,0.0,5.76,0.0,6.76,0.0,28.47,0.0,0.0,0.0,5.95,0.79,0.0,0.0,0.0,13.54,17.98,0.0,0.0,0.0,0.0,26.32,0.0,12.56,0.0,5.03,0.0,0.0,0.0,29.02,0.0,0.0,21.15,1.0,0.0,0.0,0.0,0.0,1.0,0.0,0.0,1.0,0.0,0.0,1.0,0.0,0.0,1.0,0.0,0.0,0.0,1.0,0.0,1.0,0.0,0.0,0.0,1.0,0.0,0.0,0.0,0.0,0.0,1.0,0.0,1.0,0.0,0.0,0.0,0.0,0.0,1.0,0.0,0.0,1.0,0.0,1.0,0.0,0.0,0.0,0.0,1.0,0.0,1.0,0.0,0.0
165,50.0,0.0,0.0,0.0,5.21,0.0,0.0,0.0,0.0,0.0,0.0,0.0,50.0,0.0,0.0,1.27,0.0,0.0,0.0,0.0,0.0,0.0,0.0,0.0,0.0,0.0,0.0,4.53,0.0,5.76,0.0,6.76,28.47,0.0,5.95,0.0,0.0,0.0,0.0,0.79,0.0,13.54,0.0,17.98,0.0,0.0,26.32,0.0,0.0,12.56,0.0,5.03,0.0,0.0,0.0,29.02,0.0,0.0,21.15,1.0,0.0,0.0,0.0,0.0,1.0,0.0,0.0,1.0,0.0,0.0,1.0,0.0,0.0,1.0,0.0,0.0,0.0,1.0,0.0,1.0,0.0,0.0,0.0,1.0,0.0,0.0,0.0,1.0,0.0,0.0,0.0,0.0,1.0,0.0,0.0,0.0,0.0,1.0,0.0,1.0,0.0,0.0,1.0,0.0,0.0,0.0,1.0,0.0,0.0,1.0,0.0,0.0
166,0.0,50.0,0.0,0.0,5.21,0.0,0.0,0.0,0.0,0.0,0.0,50.0,0.0,0.0,0.0,0.0,0.0,0.0,1.27,0.0,0.0,0.0,0.0,0.0,0.0,0.0,0.0,4.53,5.76,0.0,6.76,0.0,28.47,0.0,5.95,0.0,0.0,0.0,0.79,0.0,0.0,13.54,0.0,17.98,0.0,0.0,0.0,26.32,0.0,0.0,12.56,0.0,0.0,5.03,29.02,0.0,0.0,0.0,21.15,0.0,0.0,1.0,0.0,0.0,1.0,0.0,0.0,0.0,0.0,1.0,0.0,0.0,1.0,0.0,0.0,1.0,0.0,1.0,0.0,1.0,0.0,0.0,0.0,0.0,1.0,0.0,0.0,0.0,0.0,1.0,0.0,0.0,1.0,0.0,0.0,0.0,0.0,1.0,0.0,0.0,0.0,1.0,1.0,0.0,0.0,0.0,0.0,1.0,0.0,0.0,1.0,0.0
167,50.0,0.0,0.0,0.0,0.0,5.21,0.0,0.0,0.0,0.0,0.0,50.0,0.0,0.0,0.0,0.0,0.0,0.0,0.0,0.0,1.27,0.0,0.0,0.0,0.0,0.0,4.53,0.0,5.76,0.0,0.0,6.76,28.47,0.0,5.95,0.0,0.0,0.0,0.79,0.0,0.0,13.54,0.0,17.98,0.0,0.0,0.0,26.32,0.0,0.0,12.56,0.0,0.0,5.03,29.02,0.0,0.0,21.15,0.0,1.0,0.0,0.0,0.0,0.0,1.0,0.0,0.0,1.0,0.0,0.0,0.0,1.0,0.0,1.0,0.0,0.0,0.0,1.0,0.0,1.0,0.0,0.0,0.0,1.0,0.0,0.0,0.0,0.0,0.0,1.0,0.0,0.0,1.0,0.0,0.0,0.0,0.0,1.0,0.0,1.0,0.0,0.0,0.0,1.0,0.0,0.0,1.0,0.0,0.0,0.0,0.0,1.0
168,0.0,50.0,0.0,0.0,0.0,0.0,5.21,0.0,0.0,0.0,0.0,50.0,0.0,0.0,0.0,0.0,0.0,0.0,1.27,0.0,0.0,0.0,0.0,0.0,0.0,0.0,0.0,4.53,0.0,5.76,0.0,6.76,28.47,0.0,5.95,0.0,0.0,0.0,0.79,0.0,0.0,13.54,0.0,17.98,0.0,0.0,0.0,26.32,0.0,12.56,0.0,0.0,0.0,5.03,0.0,29.02,0.0,0.0,21.15,1.0,0.0,0.0,0.0,0.0,1.0,0.0,0.0,1.0,0.0,0.0,1.0,0.0,0.0,1.0,0.0,0.0,0.0,1.0,0.0,0.0,1.0,0.0,0.0,1.0,0.0,0.0,0.0,0.0,0.0,1.0,0.0,0.0,1.0,0.0,0.0,0.0,0.0,1.0,0.0,1.0,0.0,0.0,1.0,0.0,0.0,0.0,0.0,1.0,0.0,0.0,1.0,0.0
169,0.0,50.0,0.0,0.0,0.0,5.21,0.0,0.0,0.0,0.0,0.0,50.0,0.0,0.0,0.0,0.0,0.0,0.0,0.0,0.0,1.27,0.0,0.0,0.0,0.0,0.0,0.0,4.53,0.0,5.76,0.0,6.76,28.47,0.0,5.95,0.0,0.0,0.0,0.79,0.0,0.0,13.54,0.0,17.98,0.0,0.0,0.0,0.0,26.32,12.56,0.0,0.0,0.0,5.03,29.02,0.0,0.0,0.0,21.15,0.0,0.0,1.0,0.0,0.0,1.0,0.0,0.0,1.0,0.0,0.0,1.0,0.0,0.0,1.0,0.0,0.0,1.0,0.0,0.0,1.0,0.0,0.0,0.0,0.0,1.0,0.0,0.0,0.0,0.0,1.0,0.0,0.0,1.0,0.0,0.0,0.0,0.0,0.0,1.0,1.0,0.0,0.0,1.0,0.0,0.0,0.0,1.0,0.0,0.0,0.0,1.0,0.0
170,50.0,0.0,0.0,0.0,0.0,0.0,5.21,0.0,0.0,0.0,0.0,50.0,0.0,0.0,0.0,1.27,0.0,0.0,0.0,0.0,0.0,0.0,0.0,0.0,0.0,0.0,0.0,4.53,5.76,0.0,0.0,6.76,28.47,0.0,5.95,0.0,0.0,0.0,0.79,0.0,13.54,0.0,0.0,17.98,0.0,0.0,0.0,26.32,0.0,12.56,0.0,0.0,5.03,0.0,29.02,0.0,0.0,21.15,0.0,0.0,0.0,0.0,1.0,0.0,1.0,0.0,0.0,0.0,0.0,1.0,1.0,0.0,0.0,1.0,0.0,0.0,0.0,1.0,0.0,1.0,0.0,0.0,0.0,1.0,0.0,0.0,0.0,0.0,1.0,0.0,0.0,0.0,1.0,0.0,0.0,0.0,0.0,1.0,0.0,0.0,1.0,0.0,1.0,0.0,0.0,0.0,1.0,0.0,0.0,0.0,0.0,1.0
171,0.0,50.0,0.0,0.0,0.0,5.21,0.0,0.0,0.0,0.0,0.0,50.0,0.0,0.0,0.0,1.27,0.0,0.0,0.0,0.0,0.0,0.0,0.0,0.0,0.0,0.0,0.0,4.53,0.0,5.76,6.76,0.0,28.47,0.0,5.95,0.0,0.0,0.0,0.79,0.0,0.0,13.54,0.0,17.98,0.0,0.0,0.0,0.0,26.32,12.56,0.0,0.0,0.0,5.03,0.0,29.02,0.0,21.15,0.0,1.0,0.0,0.0,0.0,0.0,1.0,0.0,0.0,1.0,0.0,0.0,1.0,0.0,0.0,1.0,0.0,0.0,0.0,1.0,0.0,0.0,1.0,0.0,0.0,1.0,0.0,0.0,0.0,0.0,0.0,1.0,0.0,0.0,1.0,0.0,0.0,0.0,0.0,0.0,1.0,1.0,0.0,0.0,0.0,1.0,0.0,0.0,0.0,1.0,0.0,1.0,0.0,0.0
172,0.0,50.0,0.0,0.0,5.21,0.0,0.0,0.0,0.0,0.0,0.0,50.0,0.0,0.0,0.0,0.0,0.0,0.0,1.27,0.0,0.0,0.0,0.0,0.0,0.0,0.0,0.0,4.53,0.0,5.76,6.76,0.0,28.47,0.0,5.95,0.0,0.0,0.0,0.79,0.0,0.0,13.54,0.0,17.98,0.0,0.0,0.0,0.0,26.32,12.56,0.0,0.0,0.0,5.03,29.02,0.0,0.0,0.0,21.15,1.0,0.0,0.0,0.0,0.0,1.0,0.0,0.0,1.0,0.0,0.0,1.0,0.0,0.0,1.0,0.0,0.0,0.0,1.0,0.0,0.0,1.0,0.0,0.0,1.0,0.0,0.0,0.0,0.0,0.0,1.0,0.0,0.0,1.0,0.0,0.0,0.0,0.0,0.0,1.0,0.0,1.0,0.0,0.0,1.0,0.0,0.0,1.0,0.0,0.0,1.0,0.0,0.0
173,50.0,0.0,0.0,0.0,0.0,0.0,0.0,5.21,0.0,0.0,0.0,50.0,0.0,0.0,0.0,0.0,0.0,0.0,0.0,0.0,0.0,0.0,0.0,0.0,1.27,0.0,0.0,4.53,5.76,0.0,0.0,6.76,28.47,0.0,5.95,0.0,0.0,0.0,0.79,0.0,0.0,13.54,17.98,0.0,0.0,0.0,0.0,0.0,26.32,12.56,0.0,0.0,0.0,5.03,0.0,29.02,0.0,21.15,0.0,0.0,0.0,0.0,1.0,0.0,1.0,0.0,0.0,0.0,0.0,1.0,1.0,0.0,0.0,1.0,0.0,0.0,0.0,1.0,0.0,0.0,1.0,0.0,0.0,1.0,0.0,0.0,0.0,1.0,0.0,0.0,0.0,1.0,0.0,0.0,0.0,0.0,0.0,0.0,1.0,1.0,0.0,0.0,0.0,1.0,0.0,0.0,0.0,1.0,0.0,0.0,0.0,1.0
174,50.0,0.0,0.0,0.0,0.0,0.0,5.21,0.0,0.0,0.0,0.0,50.0,0.0,0.0,1.27,0.0,0.0,0.0,0.0,0.0,0.0,0.0,0.0,0.0,0.0,0.0,0.0,4.53,0.0,5.76,0.0,6.76,28.47,0.0,0.0,5.95,0.0,0.0,0.79,0.0,0.0,13.54,0.0,17.98,0.0,0.0,0.0,26.32,0.0,12.56,0.0,0.0,0.0,5.03,29.02,0.0,0.0,21.15,0.0,1.0,0.0,0.0,0.0,0.0,1.0,0.0,0.0,1.0,0.0,0.0,1.0,0.0,0.0,1.0,0.0,0.0,0.0,1.0,0.0,1.0,0.0,0.0,0.0,1.0,0.0,0.0,0.0,1.0,0.0,0.0,0.0,0.0,1.0,0.0,0.0,0.0,0.0,1.0,0.0,1.0,0.0,0.0,1.0,0.0,0.0,1.0,0.0,0.0,0.0,1.0,0.0,0.0
175,0.0,50.0,0.0,0.0,5.21,0.0,0.0,0.0,0.0,0.0,0.0,50.0,0.0,0.0,0.0,0.0,0.0,0.0,1.27,0.0,0.0,0.0,0.0,0.0,0.0,0.0,0.0,4.53,5.76,0.0,6.76,0.0,28.47,0.0,5.95,0.0,0.0,0.0,0.79,0.0,0.0,13.54,17.98,0.0,0.0,0.0,26.32,0.0,0.0,12.56,0.0,0.0,0.0,5.03,0.0,29.02,0.0,0.0,21.15,0.0,0.0,1.0,0.0,0.0,1.0,0.0,0.0,1.0,0.0,0.0,1.0,0.0,0.0,0.0,1.0,0.0,0.0,1.0,0.0,1.0,0.0,0.0,0.0,1.0,0.0,0.0,0.0,0.0,0.0,1.0,0.0,1.0,0.0,0.0,0.0,0.0,0.0,1.0,0.0,1.0,0.0,0.0,0.0,1.0,0.0,0.0,0.0,1.0,0.0,0.0,1.0,0.0
176,0.0,50.0,0.0,5.21,0.0,0.0,0.0,0.0,0.0,0.0,0.0,50.0,0.0,0.0,0.0,0.0,0.0,0.0,0.0,0.0,1.27,0.0,0.0,0.0,0.0,0.0,0.0,4.53,0.0,5.76,0.0,6.76,28.47,0.0,5.95,0.0,0.0,0.0,0.79,0.0,0.0,13.54,0.0,17.98,0.0,0.0,0.0,26.32,0.0,12.56,0.0,0.0,0.0,5.03,0.0,29.02,0.0,0.0,21.15,0.0,1.0,0.0,0.0,0.0,1.0,0.0,0.0,0.0,0.0,1.0,1.0,0.0,0.0,0.0,1.0,0.0,0.0,1.0,0.0,1.0,0.0,0.0,0.0,1.0,0.0,0.0,0.0,0.0,0.0,1.0,0.0,0.0,1.0,0.0,0.0,0.0,0.0,1.0,0.0,0.0,1.0,0.0,0.0,1.0,0.0,0.0,0.0,1.0,0.0,0.0,1.0,0.0
177,0.0,50.0,0.0,5.21,0.0,0.0,0.0,0.0,0.0,0.0,0.0,50.0,0.0,0.0,0.0,0.0,0.0,1.27,0.0,0.0,0.0,0.0,0.0,0.0,0.0,0.0,4.53,0.0,5.76,0.0,6.76,0.0,28.47,0.0,0.0,5.95,0.0,0.0,0.79,0.0,0.0,13.54,0.0,0.0,17.98,0.0,0.0,0.0,26.32,12.56,0.0,0.0,0.0,5.03,0.0,0.0,29.02,21.15,0.0,0.0,1.0,0.0,0.0,0.0,1.0,0.0,0.0,0.0,0.0,1.0,1.0,0.0,0.0,1.0,0.0,0.0,0.0,1.0,0.0,0.0,0.0,1.0,0.0,1.0,0.0,0.0,0.0,0.0,0.0,1.0,1.0,0.0,0.0,0.0,0.0,0.0,0.0,0.0,1.0,1.0,0.0,0.0,0.0,1.0,0.0,0.0,0.0,0.0,1.0,1.0,0.0,0.0
178,0.0,50.0,0.0,0.0,5.21,0.0,0.0,0.0,0.0,0.0,0.0,50.0,0.0,0.0,0.0,0.0,0.0,0.0,1.27,0.0,0.0,0.0,0.0,0.0,0.0,0.0,0.0,4.53,5.76,0.0,0.0,6.76,28.47,0.0,5.95,0.0,0.0,0.0,0.79,0.0,0.0,13.54,0.0,17.98,0.0,0.0,0.0,0.0,26.32,12.56,0.0,0.0,0.0,5.03,0.0,29.02,0.0,21.15,0.0,1.0,0.0,0.0,0.0,0.0,1.0,0.0,0.0,1.0,0.0,0.0,0.0,0.0,1.0,1.0,0.0,0.0,0.0,1.0,0.0,1.0,0.0,0.0,0.0,1.0,0.0,0.0,0.0,0.0,0.0,1.0,0.0,0.0,1.0,0.0,0.0,0.0,0.0,0.0,1.0,1.0,0.0,0.0,0.0,1.0,0.0,0.0,0.0,1.0,0.0,0.0,0.0,1.0
179,50.0,0.0,0.0,0.0,5.21,0.0,0.0,0.0,0.0,0.0,0.0,50.0,0.0,0.0,0.0,0.0,0.0,0.0,1.27,0.0,0.0,0.0,0.0,0.0,0.0,0.0,0.0,4.53,0.0,5.76,0.0,6.76,0.0,28.47,5.95,0.0,0.0,0.79,0.0,0.0,0.0,13.54,17.98,0.0,0.0,0.0,0.0,26.32,0.0,12.56,0.0,0.0,0.0,5.03,0.0,29.02,0.0,0.0,21.15,1.0,0.0,0.0,0.0,0.0,1.0,0.0,0.0,1.0,0.0,0.0,1.0,0.0,0.0,1.0,0.0,0.0,1.0,0.0,0.0,1.0,0.0,0.0,0.0,1.0,0.0,0.0,0.0,0.0,0.0,1.0,0.0,1.0,0.0,0.0,0.0,0.0,0.0,1.0,0.0,1.0,0.0,0.0,1.0,0.0,0.0,0.0,0.0,1.0,0.0,1.0,0.0,0.0
180,50.0,0.0,0.0,0.0,5.21,0.0,0.0,0.0,0.0,0.0,0.0,50.0,0.0,0.0,0.0,0.0,0.0,0.0,0.0,0.0,1.27,0.0,0.0,0.0,0.0,0.0,0.0,4.53,0.0,5.76,0.0,6.76,28.47,0.0,5.95,0.0,0.0,0.79,0.0,0.0,0.0,13.54,0.0,17.98,0.0,0.0,0.0,26.32,0.0,12.56,0.0,0.0,0.0,5.03,0.0,29.02,0.0,21.15,0.0,1.0,0.0,0.0,0.0,0.0,0.0,0.0,1.0,1.0,0.0,0.0,1.0,0.0,0.0,0.0,1.0,0.0,1.0,0.0,0.0,1.0,0.0,0.0,0.0,1.0,0.0,0.0,0.0,0.0,0.0,1.0,0.0,0.0,1.0,0.0,0.0,0.0,0.0,1.0,0.0,1.0,0.0,0.0,1.0,0.0,0.0,0.0,0.0,1.0,0.0,0.0,0.0,1.0
181,50.0,0.0,0.0,0.0,0.0,0.0,5.21,0.0,0.0,0.0,0.0,50.0,0.0,0.0,1.27,0.0,0.0,0.0,0.0,0.0,0.0,0.0,0.0,0.0,0.0,0.0,4.53,0.0,0.0,5.76,0.0,6.76,28.47,0.0,5.95,0.0,0.0,0.0,0.79,0.0,13.54,0.0,0.0,17.98,0.0,0.0,0.0,26.32,0.0,12.56,0.0,0.0,0.0,5.03,0.0,29.02,0.0,21.15,0.0,1.0,0.0,0.0,0.0,0.0,1.0,0.0,0.0,0.0,1.0,0.0,1.0,0.0,0.0,0.0,1.0,0.0,0.0,1.0,0.0,1.0,0.0,0.0,0.0,1.0,0.0,0.0,0.0,0.0,1.0,0.0,0.0,0.0,1.0,0.0,0.0,0.0,0.0,1.0,0.0,0.0,1.0,0.0,1.0,0.0,0.0,0.0,0.0,1.0,0.0,0.0,0.0,1.0
182,0.0,50.0,0.0,0.0,5.21,0.0,0.0,0.0,0.0,0.0,0.0,0.0,50.0,0.0,0.0,0.0,0.0,0.0,0.0,0.0,0.0,0.0,0.0,0.0,1.27,0.0,4.53,0.0,5.76,0.0,0.0,6.76,28.47,0.0,5.95,0.0,0.0,0.0,0.79,0.0,0.0,13.54,0.0,0.0,17.98,0.0,0.0,0.0,26.32,12.56,0.0,5.03,0.0,0.0,0.0,29.02,0.0,0.0,21.15,1.0,0.0,0.0,0.0,0.0,1.0,0.0,0.0,1.0,0.0,0.0,0.0,0.0,1.0,1.0,0.0,0.0,1.0,0.0,0.0,1.0,0.0,0.0,0.0,1.0,0.0,0.0,0.0,1.0,0.0,0.0,1.0,0.0,0.0,0.0,0.0,0.0,0.0,0.0,1.0,0.0,1.0,0.0,0.0,1.0,0.0,0.0,0.0,1.0,0.0,0.0,1.0,0.0
183,50.0,0.0,0.0,0.0,0.0,0.0,0.0,5.21,0.0,0.0,0.0,50.0,0.0,0.0,0.0,0.0,0.0,0.0,0.0,0.0,0.0,0.0,0.0,0.0,1.27,0.0,0.0,4.53,5.76,0.0,6.76,0.0,28.47,0.0,0.0,5.95,0.0,0.0,0.79,0.0,0.0,13.54,0.0,0.0,17.98,0.0,0.0,0.0,26.32,0.0,12.56,5.03,0.0,0.0,0.0,29.02,0.0,21.15,0.0,1.0,0.0,0.0,0.0,0.0,0.0,0.0,1.0,1.0,0.0,0.0,0.0,0.0,1.0,0.0,0.0,1.0,0.0,1.0,0.0,0.0,0.0,1.0,0.0,0.0,0.0,0.0,1.0,0.0,0.0,1.0,0.0,0.0,1.0,0.0,0.0,1.0,0.0,0.0,0.0,0.0,1.0,0.0,0.0,1.0,0.0,0.0,0.0,1.0,0.0,1.0,0.0,0.0
184,50.0,0.0,0.0,0.0,0.0,0.0,0.0,5.21,0.0,0.0,0.0,0.0,50.0,0.0,0.0,0.0,0.0,0.0,0.0,0.0,1.27,0.0,0.0,0.0,0.0,0.0,0.0,4.53,5.76,0.0,6.76,0.0,28.47,0.0,5.95,0.0,0.0,0.0,0.79,0.0,0.0,13.54,17.98,0.0,0.0,0.0,26.32,0.0,0.0,12.56,0.0,0.0,0.0,5.03,29.02,0.0,0.0,21.15,0.0,1.0,0.0,0.0,0.0,0.0,0.0,1.0,0.0,0.0,0.0,1.0,0.0,0.0,1.0,1.0,0.0,0.0,0.0,1.0,0.0,0.0,1.0,0.0,0.0,1.0,0.0,0.0,0.0,1.0,0.0,0.0,1.0,0.0,0.0,0.0,0.0,1.0,0.0,0.0,0.0,0.0,1.0,0.0,1.0,0.0,0.0,1.0,0.0,0.0,0.0,1.0,0.0,0.0
185,0.0,50.0,0.0,0.0,0.0,0.0,5.21,0.0,0.0,0.0,0.0,0.0,50.0,0.0,0.0,0.0,0.0,0.0,0.0,0.0,1.27,0.0,0.0,0.0,0.0,0.0,4.53,0.0,0.0,5.76,6.76,0.0,28.47,0.0,0.0,5.95,0.0,0.0,0.79,0.0,0.0,13.54,0.0,17.98,0.0,0.0,0.0,26.32,0.0,12.56,0.0,5.03,0.0,0.0,29.02,0.0,0.0,21.15,0.0,1.0,0.0,0.0,0.0,0.0,1.0,0.0,0.0,0.0,1.0,0.0,1.0,0.0,0.0,0.0,1.0,0.0,0.0,1.0,0.0,1.0,0.0,0.0,0.0,1.0,0.0,0.0,0.0,0.0,0.0,1.0,0.0,0.0,1.0,0.0,0.0,0.0,0.0,1.0,0.0,0.0,1.0,0.0,0.0,1.0,0.0,1.0,0.0,0.0,0.0,1.0,0.0,0.0
186,50.0,0.0,0.0,0.0,0.0,0.0,5.21,0.0,0.0,0.0,0.0,0.0,50.0,0.0,0.0,0.0,0.0,0.0,0.0,0.0,0.0,0.0,0.0,0.0,1.27,0.0,0.0,4.53,5.76,0.0,6.76,0.0,28.47,0.0,5.95,0.0,0.0,0.79,0.0,0.0,13.54,0.0,0.0,17.98,0.0,0.0,0.0,26.32,0.0,12.56,0.0,5.03,0.0,0.0,0.0,29.02,0.0,21.15,0.0,1.0,0.0,0.0,0.0,0.0,1.0,0.0,0.0,1.0,0.0,0.0,0.0,0.0,1.0,0.0,0.0,1.0,1.0,0.0,0.0,1.0,0.0,0.0,0.0,1.0,0.0,0.0,0.0,0.0,1.0,0.0,1.0,0.0,0.0,0.0,0.0,1.0,0.0,0.0,0.0,1.0,0.0,0.0,1.0,0.0,0.0,1.0,0.0,0.0,0.0,1.0,0.0,0.0
187,0.0,50.0,0.0,0.0,0.0,0.0,5.21,0.0,0.0,0.0,0.0,50.0,0.0,0.0,0.0,0.0,0.0,0.0,0.0,1.27,0.0,0.0,0.0,0.0,0.0,0.0,0.0,4.53,5.76,0.0,6.76,0.0,28.47,0.0,0.0,5.95,0.0,0.0,0.79,0.0,0.0,13.54,0.0,17.98,0.0,0.0,0.0,26.32,0.0,12.56,0.0,0.0,0.0,5.03,0.0,29.02,0.0,0.0,21.15,0.0,0.0,0.0,0.0,1.0,0.0,1.0,0.0,0.0,0.0,1.0,0.0,0.0,1.0,0.0,1.0,0.0,0.0,1.0,0.0,0.0,0.0,1.0,0.0,0.0,0.0,1.0,0.0,0.0,0.0,1.0,0.0,0.0,1.0,0.0,0.0,0.0,0.0,1.0,0.0,0.0,1.0,0.0,0.0,1.0,0.0,0.0,0.0,1.0,0.0,0.0,0.0,1.0
188,50.0,0.0,0.0,0.0,0.0,0.0,0.0,0.0,0.0,0.0,5.21,50.0,0.0,0.0,0.0,0.0,0.0,0.0,0.0,0.0,1.27,0.0,0.0,0.0,0.0,0.0,4.53,0.0,0.0,5.76,6.76,0.0,28.47,0.0,0.0,5.95,0.0,0.0,0.0,0.79,0.0,13.54,17.98,0.0,0.0,0.0,0.0,26.32,0.0,12.56,0.0,5.03,0.0,0.0,0.0,29.02,0.0,0.0,21.15,1.0,0.0,0.0,0.0,0.0,0.0,1.0,0.0,1.0,0.0,0.0,1.0,0.0,0.0,1.0,0.0,0.0,0.0,1.0,0.0,0.0,0.0,1.0,0.0,1.0,0.0,0.0,0.0,0.0,0.0,1.0,0.0,0.0,1.0,0.0,0.0,0.0,0.0,1.0,0.0,0.0,1.0,0.0,0.0,1.0,0.0,0.0,0.0,1.0,0.0,1.0,0.0,0.0
189,50.0,0.0,0.0,0.0,0.0,0.0,0.0,0.0,5.21,0.0,0.0,50.0,0.0,0.0,0.0,0.0,0.0,0.0,0.0,0.0,0.0,0.0,0.0,0.0,0.0,1.27,0.0,4.53,5.76,0.0,0.0,6.76,28.47,0.0,5.95,0.0,0.0,0.0,0.0,0.79,0.0,13.54,0.0,17.98,0.0,0.0,0.0,0.0,26.32,0.0,12.56,0.0,0.0,5.03,0.0,29.02,0.0,21.15,0.0,0.0,0.0,0.0,1.0,0.0,0.0,1.0,0.0,0.0,0.0,1.0,0.0,0.0,1.0,0.0,0.0,1.0,0.0,1.0,0.0,0.0,1.0,0.0,0.0,1.0,0.0,0.0,0.0,1.0,0.0,0.0,0.0,0.0,0.0,1.0,0.0,0.0,0.0,0.0,1.0,0.0,1.0,0.0,1.0,0.0,0.0,0.0,0.0,1.0,0.0,1.0,0.0,0.0
190,50.0,0.0,0.0,0.0,0.0,0.0,0.0,0.0,0.0,0.0,5.21,50.0,0.0,0.0,0.0,1.27,0.0,0.0,0.0,0.0,0.0,0.0,0.0,0.0,0.0,0.0,4.53,0.0,0.0,5.76,6.76,0.0,28.47,0.0,0.0,0.0,5.95,0.0,0.0,0.79,13.54,0.0,0.0,17.98,0.0,0.0,0.0,26.32,0.0,0.0,12.56,0.0,5.03,0.0,0.0,29.02,0.0,21.15,0.0,1.0,0.0,0.0,0.0,0.0,0.0,1.0,0.0,1.0,0.0,0.0,1.0,0.0,0.0,1.0,0.0,0.0,0.0,1.0,0.0,1.0,0.0,0.0,0.0,1.0,0.0,0.0,0.0,1.0,0.0,0.0,0.0,0.0,1.0,0.0,0.0,0.0,0.0,1.0,0.0,0.0,1.0,0.0,0.0,1.0,0.0,0.0,0.0,1.0,0.0,1.0,0.0,0.0
